title,url,date,imageurl,description,autokwd,company,screenshot,tag,platform
Path of Exile 2 Founder's Pack - Path of Exile 2 Early Access,https://store.playstation.com/ko-kr/concept/10010602,2024-12-06,https://image.api.playstation.com/vulcan/ap/rnd/202405/2622/9456486248ee0da8213ff2a8a4fdd64ba6869eade81c1e35.jpg?w=1920,"패스 오브 엑자일 2는 2025년 말에 무료 플레이 타이틀로 출시될 예정입니다.
패스 오브 엑자일 2 얼리 액세스 서포터 팩에는 패스 오브 엑자일 2 얼리 액세스 권한과 300 포인트가 포함되어 있습니다.","Path of Exile 2 Founder's Pack - Path of Exile 2 Early Access,패스 오브 엑자일 2 파운더 팩 - 패스 오브 엑자일 2 얼리 액세스",GRINDING GEAR GAMES LIMITED,https://image.api.playstation.com/vulcan/ap/rnd/202405/2622/9456486248ee0da8213ff2a8a4fdd64ba6869eade81c1e35.jpg?w=1920,액션,playstation
DEATH STRANDING 2: ON THE BEACH,https://store.playstation.com/ko-kr/concept/10001538,2025-06-26,https://image.api.playstation.com/vulcan/ap/rnd/202503/0316/b185e1dc1fd590949ec81e38a0a1269a8285968fa5009c96.png?w=1920,"예약주문하고 다음 콘텐츠를 받으세요:
- 커스텀 홀로그램: 쿼카
- 배틀 스켈레톤: 실버 (Lv.1)(Lv.2)(Lv.3)
- 부스트 스켈레톤: 실버 (Lv.1)(Lv.2)(Lv.3)
- 봇카 스켈레톤: 실버 (Lv.1)(Lv.2)(Lv.3)


에디션은 다음을 포함합니다:
PS5® 버전 DEATH STRANDING 2: ON THE BEACH 제품판

UCA 너머 살아가는 사람들까지 연결하기 위한 감동적인 여정을 시작하세요.

샘은, 동료들과 함께, 인류를 멸종으로부터 구원하기 위한 새로운 여정을 떠납니다.

이들과 함께 이세계적인 적, 장해물, 그리고 불편한 질문이 존재하는 세상을 탐험하세요. 우리는 과연 연결해야 했을까?

한 걸음씩, 전설적인 게임 제작자 코지마 히데오가 다시 한번 세상을 바꿉니다.",DEATH STRANDING 2: ON THE BEACH,Sony Interactive Entertainment Inc.,https://image.api.playstation.com/vulcan/ap/rnd/202503/0316/b185e1dc1fd590949ec81e38a0a1269a8285968fa5009c96.png?w=1920,액션,playstation
Indiana Jones and the Great Circle,https://store.playstation.com/ko-kr/concept/10012238,2025-04-17,https://image.api.playstation.com/vulcan/ap/rnd/202408/1520/d002c270771bec89f396906f47f18d46d2c66b7da1b21cf0.jpg?w=1920,"지금 예약 주문하고 최후의 성전™에 등장하는 탐험용 의상 및 사자 조련사 채찍이 포함된 최후의 성전™ 팩을 받아 보세요.


레이더스와 최후의 성전 사이의 시기를 무대로 한 1인칭 싱글 플레이 모험인 인디아나 존스: 그레이트 서클에서 역사 속 가장 위대한 미스터리를 밝혀내세요. 사악한 단체가 그레이트 서클에 관련된 고대의 힘의 비밀을 파헤치려 전 세계를 샅샅이 뒤지던 1937년, 그들의 음모를 막을 수 있는 사람은 오직 인디아나 존스뿐입니다. Wolfenstein 시리즈로 수많은 게임상을 수상한 MachineGames와 명예의 전당에 오른 게임 디자이너인 토드 하워드가 총괄 제작한 시네마틱 액션 어드벤처 게임 속에서 전설적인 고고학자가 되어 보세요!

당신이 인디아나 존스입니다!
모험, 몰입형 액션, 흥미로운 퍼즐들로 가득한 스릴 넘치는 스토리 속에서 인디아나 존스가 되어 모험을 즐겨 보세요. 날카로운 지성과 교활한 책략, 특유의 유머 감각으로 유명한 고고학자가 되어 전 세계를 무대로 사악한 무리에 맞서서 역사 속 가장 위대한 미스터리에 얽힌 비밀을 밝혀내세요.

미스터리의 세계가 당신을 기다리고 있습니다!
마샬 대학에서 바티칸의 심장부, 이집트의 피라미드, 수코타이의 가라앉은 사원, 그리고 그 너머를 향해 모험를 떠나세요! 한밤중에 침입한 정체불명의 거한을 마주치면서, 당신은 사소한 물건이라 생각했던 유물이 도난당한 사건 너머에 숨겨진 세계를 뒤흔들 비밀을 밝혀내야 하는 모험을 마주합니다. 협력자와 함께 적과 맞서면서 당신은 흥미로운 인물들을 만나게 될 것입니다. 기발함과 재치를 발휘해 고대의 수수께끼를 풀어 숨 막히는 유적 속에서 살아남으세요.

채찍을 이용한 전투
인디아나 존스의 상징인 채찍을 사용해 적의 주의를 분산시키거나 무기를 뺏고, 공격을 가할 수 있습니다. 하지만 채찍은 단순한 무기가 아닙니다. 유적을 탐색하기에 아주 유용한 도구이기도 합니다. 채찍을 휘둘러 순찰대를 따돌리고 벽을 뛰어넘어 역경을 헤쳐나가세요. 조용한 잠입, 긴장감 넘치는 육박전, 그리고 총격전으로 적의 위협에 맞서 미스터리를 풀어보세요.

탐험 정신
선형적인 서사 기반의 게임 방식과 오픈 에어리어 맵이 조합된 다이나믹한 구성을 경험해 보세요. 당신 내면의 탐험 정신을 발휘해 매혹적인 비밀과 치명적인 함정, 교묘한 퍼즐의 세계를 탐험하다 보면, 다음 미스터리의 단서… 어쩌면 뱀과 조우하게 될지도 모릅니다. 하필 뱀이라니!","Indiana Jones and the Great Circle,인디아나 존스: 그레이트 서클",Bethesda Softworks,https://image.api.playstation.com/vulcan/ap/rnd/202408/1520/d002c270771bec89f396906f47f18d46d2c66b7da1b21cf0.jpg?w=1920,어드벤처,playstation
Forza Horizon 5,https://store.playstation.com/ko-kr/concept/10010647,2025-04-29,https://image.api.playstation.com/vulcan/ap/rnd/202503/2417/4d27754720206805d54f5beddfcc0817700af978a56ff0db.jpg?w=1920,"지금 사전 주문하면 출시 후 다음 디지털 콘텐츠를 받을 수 있습니다.
5,000 Forzathon 포인트
백스테이지 패스 5개
2021 Mercedes-AMG One


환상적인 Horizon 어드벤처가 여러분을 기다립니다! 세계 최고의 자동차 수백 대를 타고 시시각각 변화하는 멕시코의 활기찬 풍경을 탐험하며 재미있는 드라이빙 액션을 마음껏 즐겨보세요.",Forza Horizon 5,Microsoft Corporation,https://image.api.playstation.com/vulcan/ap/rnd/202503/2417/4d27754720206805d54f5beddfcc0817700af978a56ff0db.jpg?w=1920,드라이빙/레이싱,playstation
F1 25 Iconic Edition,https://store.playstation.com/ko-kr/concept/10011830,2025-05-28,https://image.api.playstation.com/vulcan/ap/rnd/202503/3109/f94f07cfb8a55186770cce7b8b1eeaec6cc4f658f6cb3902.png?w=1920,"이미 PlayStation Store에서 F1 23, F1 24 또는 Need for Speed Unbound를 구매한 경우, 프리미엄 에디션 예약 주문 가격이 15% 할인됩니다.

F1® 25 Iconic Edition 예약 구매* 시 혜택:

● Lewis Hamilton Iconic Pack
● F1® 24의 Lewis Hamilton F1® World 이벤트***
● 3일 얼리 액세스
● F1® The Movie - 챕터 시나리오**
● APXGP Team Pack**
● F1® 24의 타임 트라이얼에서 즉시 2025 시즌 리버리 컬렉션***
● F1® 75 Celebration Pack
● F3™ 드라이버 아이콘
● F1® World Bumper Pack
● 게임 내에서만 사용할 수 있는 18,000 PitCoin


이 이야기의 주인공은 여러분입니다. 2025 FIA Formula One World Championship™의 공식 비디오 게임인 F1® 25에서 레이싱 세계에 발자취를 남기세요. 개선된 My Team 모드, Braking Point의 스릴 넘치는 세 번째 챕터 등을 선보입니다!

● My Team 2.0: Formula 1® 팀의 오너가 되어 나만의 F1® 스토리를 만들어 보세요. 새로운 오너 특전 시스템으로 팀 관리에서 선호하는 분야를 전문화하고 레이스 위크엔드에 두 명의 F1® 드라이버 중 한 명이 운전대를 잡을 수 있습니다.

● Braking Point 3: 극적인 사건으로 인해 팀이 혼란에 빠지면서 Konnersport의 레거시에 위기가 닥칩니다. 이 위기에 맞서 싸우고 World Championship에 도전할 수 있을까요?

F1® 25에서 자신만의 이야기를 펼칠 수 있는 모든 게임플레이 개선 사항을 4월에 다시 자세히 살펴보세요.

이 게임은 게임 내에서 사용되는 가상 화폐를 게임 내 구매 및 이용할 수 있으며, 이를 통해 게임 내 가상 아이템을 구매할 수 있습니다.",F1 25 Iconic Edition,Electronic Arts Inc.,https://image.api.playstation.com/vulcan/ap/rnd/202503/3109/f94f07cfb8a55186770cce7b8b1eeaec6cc4f658f6cb3902.png?w=1920,드라이빙/레이싱,playstation
METAL GEAR SOLID Δ: SNAKE EATER,https://store.playstation.com/ko-kr/concept/10007293,2025-08-28,https://image.api.playstation.com/vulcan/ap/rnd/202406/0513/40644e8efe1a34b361adcd5d22283444e0ee12fcf9783479.png?w=1920,"【예약 특전】
・UNIFORM : 흰색 턱시도
※ 본 특전은 별도로 입수할 수 있습니다.


원작의 핵심은 그대로, 몰입 체험이 진화를 이룬다.
2004년 발매된 ""METAL GEAR SOLID 3: SNAKE EATER""를 원작으로 한 리메이크 작품.
원작의 스토리와 세계관은 그대로 유지되었으며, 최신 그래픽과 입체적인 사운드 표현으로 정글에서 펼쳐지는 궁극의 서바이벌 스텔스 액션을 즐길 수 있다.

오리지널 매력 그대로 진화
스토리, 캐릭터, 보이스, 게임 플레이, 음악 등 원작이 가진 매력은 그대로, 최신 하드웨어에 맞춘 진화를 이룬 리메이크 작품. 세계 구석구석을 다시 만들어 모든 컷 장면에 새로운 생명이 불어넣어졌다.

철저한 현실 추구
전투 피해 묘사가 진화하면서 옷의 찢김, 멍, 탄흔이 실시간으로 Snake의 몸에 표현된다. 옷은 갈아입어 변경을 할 수 있지만, 몸에 난 상처는 계쏙 남게 된다. 플레이어 개개인의 게임 플레이에 따라 Snake의 모습이 다양하게 변한다.

압도적인 몰입감과 현장감
당시와 같은 플레이 감각으로 즐길 수 있는 오리지널 조작 방법과 더불어 새로운 게임에 익숙해진 세대를 위한 플레이 스타일도 채용. 심플하고 이해하기 쉬운 조작성으로 플레이에 대한 집중력을 높여 극한 환경에서의 짜릿한 서바이벌 체험을 즐길 수 있으며, 당시와 같은 플레이 감각으로 즐길 수 있는 플레이 스타일도 선택이 가능.

추가 컨텐츠
・SNAKE VS MONKEY
이 모드에서는 Snake 역할을 하며, 각 단계에서 도망치는 탈출한 유인원들을 모두 모으자!

And more…

※일부 컨텐츠는 인터넷에 접속한 후 소프트웨어 업데이트를 통해 플레이할 수 있습니다.

※본 제품 외에도 「Digital Deluxe Edition」이 따로 있습니다. 중복 구매에 주의하시기 바랍니다.",METAL GEAR SOLID Δ: SNAKE EATER,KONAMI DIGITAL ENTERTAINMENT,https://image.api.playstation.com/vulcan/ap/rnd/202406/0513/40644e8efe1a34b361adcd5d22283444e0ee12fcf9783479.png?w=1920,액션,playstation
Clair Obscur: Expedition 33,https://store.playstation.com/ko-kr/concept/10008503,2025-04-24,https://image.api.playstation.com/vulcan/ap/rnd/202406/0917/96d5b955f3833beb4e0be99c8699fa0abe83b81e2eb2a59e.jpg?w=1920,"""해가 지날 때마다, 우리는 지워진다.""

일 년에 한 번씩, 페인트리스는 잠에서 깨어나 거석 위에 저주받은 숫자를 적습니다. 그러면 페인트리스가 그린 숫자와 나이가 같은 모든 사람이 연기로 변해 사라져 버립니다. 해가 지날 때마다 그 숫자는 줄어들고, 더 많은 사람들의 존재가 지워집니다. 내일이면 그녀가 다시 깨어나 숫자 ""33""을 그릴 겁니다. 그리고 내일이면 우리는 페인트리스를 처치하는 최후의 임무를 수행하러 떠납니다. 그녀가 다시는 죽음을 그리지 못하게 할 겁니다.

우리는 33 원정대입니다.

클레르 옵스퀴르: 33 원정대는 독특한 실시간 메커니즘이 가미된 혁신적인 턴제 RPG로, 그 어느 때보다 몰입도 높고 스릴 넘치는 전투를 경험할 수 있습니다. 벨 에포크 시대의 프랑스에서 영감을 받은 판타지 세계를 탐험하며 무시무시한 적들과 맞서 싸우세요.

반응형 턴제 전투
새롭게 진화한 JRPG의 정수를 보여주는 이 게임에서는 실시간 액션이 턴제 전투의 핵심적인 재미를 보강해 줍니다. 장비, 능력치, 기술, 캐릭터 시너지 효과를 활용하여 나만의 플레이스타일에 맞춘 고유한 원정대원 빌드를 구성하세요. 전투에서는 실시간 회피와 쳐내기, 카운터 등으로 적극적인 공세를 펼치고, 공격 리듬에 숙달하여 연쇄 콤보를 쌓고, 자유 조준 시스템을 이용해서 적의 약점을 직접 공략하세요.

""내일은 온다.""
시간이 단 일 년 밖에 남지 않은 상황에서 구스타브와 마엘, 동료 원정대원들을 이끌고 페인트리스의 죽음의 굴레를 끊어내기 위한 필사적인 여정에 오르세요. 이전 원정대의 흔적을 따라가며 그들이 맞이한 운명을 알아내세요. 불가능한 역경에 맞서 함께 싸우는 33 원정대의 원정대원들과 조금씩 가까워지세요.

아찔하리만큼 아름다운 세계
초현실적인 적들이 배회하는 매혹적인 세계를 탐험하세요. 비사주의 섬부터 잊힌 전장까지, 숨 막히게 아름다운 풍경 속을 거닐며 수많은 비밀과 숨겨진 임무를 찾아내세요. 전설 속 존재들을 동료로 맞이하세요. 특별한 친구를 만나 새로운 이동 수단을 확보하고, 세계 지도 속 비밀 지역을 발견해 보세요.

언리얼 엔진 5의 경이로운 그래픽으로 구현되고 가슴 시린 사운드트랙이 함께하는 Sandfall Interactive의 놀라운 데뷔 게임을 경험해 보세요.","Clair Obscur: Expedition 33,클레르 옵스퀴르: 33 원정대",Kepler Interactive Limited,https://image.api.playstation.com/vulcan/ap/rnd/202406/0917/96d5b955f3833beb4e0be99c8699fa0abe83b81e2eb2a59e.jpg?w=1920,롤플레잉 게임,playstation
Days Gone Remastered,https://store.playstation.com/ko-kr/concept/229018,2025-04-25,https://image.api.playstation.com/vulcan/ap/rnd/202502/1302/cdf6431ee3f30fde3c13b42857d41edc42142da11e1bdc61.jpg?w=1920,"지금 예약주문하고 다음 콘텐츠를 획득하세요:
- 드리프터 석궁 조기 해제
-니트로 업그레이드 #1 조기 해제
-연료 탱크 업그레이드 #1 조기 해제
-연료통 덮개 업그레이드 #1 조기 해제
- 멍키 스패너 스킬 조기 해제
- PSN 아바타 8종 세트


에디션 구성품:
Days Gone 리마스터

PlayStation®5 콘솔용으로 리마스터링된 궁극의 Days Gone에서 절박하고 냉혹한 세계와 만나세요.

치명적인 전염병으로 황폐해진 세상에서, 전 무법자 바이커인 디컨 세인트 존이 되어 생존을 위해 싸우세요. 든든한 드리프터 바이크를 타고 망가진 도로 위를 아슬아슬하게 달리며 무자비하고 공격적인 프리커 호드, 그리고 위협적인 인간 무리와 조우하세요.

변덕스러운 날씨와 변하는 시간대는 예상치 못한 위험과 충격을 선사하고, 세상 속 모든 것은 당신의 목숨을 노립니다.

- 개선된 그래픽, 나뭇잎 표현 거리, 빛과 그림자 효과의 품질을 감상하고, VRR을 지원하는 TV 또는 디스플레이의 경우 가변 재생률로 더욱 원활해진 성능을 즐기세요.1
- 고해상도를 지원하는 품질 모드와 향상된 프레임률을 지원하는 성능 모드 중 원하는 모드를 선택하세요.
- 바이크 엔진의 시동음부터 망가진 도로를 달리는 감각까지 DualSense® 무선 컨트롤러의 햅틱 피드백과 적응 트리거를 통해 생존의 모든 순간을 느껴보세요.

1 호환되는 4K TV 또는 디스플레이가 필요합니다.","Days Gone Remastered,Days Gone 리마스터",Sony Interactive Entertainment,https://image.api.playstation.com/vulcan/ap/rnd/202502/1302/cdf6431ee3f30fde3c13b42857d41edc42142da11e1bdc61.jpg?w=1920,"어드벤처, 액션",playstation
ELDEN RING NIGHTREIGN,https://store.playstation.com/ko-kr/concept/10010877,2025-05-30,https://image.api.playstation.com/vulcan/ap/rnd/202501/3109/aaeabe6b48ab263b4044678f0a27cc62ef5057d963ecbe5f.jpg?w=1920,"지금 예약하시면 예약 특전을 얻으실 수 있습니다.

▼예약 특전: 제스처

※특전 콘텐츠는 발매일에 게임 내에서 획득하실 수 있습니다.
※2025년 5월 29일까지 구매하신 고객 대상으로 배포됩니다.
※예약 특전인 제스처는 게임을 진행하면서 입수할 수도 있습니다.


본 제품을 소지한 고객님께서는 해당 게임의 디지털 PS4® 버전과 디지털 PS5® 버전 모두를 보유하실 수 있습니다.

『ELDEN RING 밤의 통치자』는 ELDEN RING 세계관을 이용해 게임의 핵심 디자인을 재구축하여 플레이어에게 새로운 게임 체험을 전달하고자 하는 신작 어드벤처 게임입니다.

함께 맞서라
다른 플레이어와 협력해 다가오는 밤과 그 안에 숨은 위험에 맞서라.
영웅이 되어라
유니크한 스킬을 지닌 영웅들을 지휘하자. 강력한 영웅들이 팀이 되어 단결하면, 그 스킬 또한 강력한 상승효과를 일으킬 것이다.
밤에 도전하라
게임 세션마다 변화하는, 토지를 지배하는 가차없는 환경의 위협을 이겨내고 그 밤의 장대한 보스를 물리치자!

※이 상품 외에 다른 에디션도 판매 중입니다. 중복 구매에 주의하여 주십시오.","ELDEN RING NIGHTREIGN,ELDEN RING 밤의 통치자",Bandai Namco Entertainment,https://image.api.playstation.com/vulcan/ap/rnd/202501/3109/aaeabe6b48ab263b4044678f0a27cc62ef5057d963ecbe5f.jpg?w=1920,액션,playstation
Demon Slayer -Kimetsu no Yaiba- The Hinokami Chronicles 2,https://store.playstation.com/ko-kr/concept/10008540,2025-08-01,https://image.api.playstation.com/vulcan/ap/rnd/202502/1401/8a24546049ddbc031651f2ed0959ea4c271184de5934188f.jpg?w=1920,"【예약 특전】
플레이어블 캐릭터 조기 해방권 '토키토 무이치로', '칸로지 미츠리'

※'예약 특전'은 발매 전날까지 예약하면 획득할 수 있습니다.


PS4® 다운로드판과 PS5® 다운로드판 모두 다운로드 가능한 타이틀입니다.
※본 제품은 '일반판'입니다. 본 제품 외에 '디럭스 에디션'도 있으므로
제품 내용 및 특전을 확인 후 구매하십시오.

◆내용 설명
""인연""의 칼날로 악귀를 멸하라!
카마도 탄지로의 전투가 가정용 게임으로 다시 막을 올린다―――

【솔로 플레이 모드 -히노카미 혈풍담-: 애니메이션 '귀멸의 칼날' 세 편의 이야기를 체험!】
카마도 탄지로가 걸어온 이야기를 게임으로 체험하자.
TV 애니메이션 '귀멸의 칼날' 에서 '환락의 거리편', '도공 마을편', '합동 강화 훈련편' 의 에피소드를 수록!
탄지로와 동료들의 앞을 가로막는 상현 혈귀들에 맞서 함께 싸우자!

【버서스 모드 -대전-: 주, 집결】
귀살대 최고 계급인 검사 '주' 9명을 포함해 40명 이상의 캐릭터가 참전!
전작에 이어 '합체 오의'와 '장비'라는 신규 요소도 추가!
온라인 대전과 오프라인 대전을 통해 새로운 경지에 도달하자!

◆세트 구성
-귀멸의 칼날 히노카미 혈풍담2　게임 본편
-다운로드판 특전: 플레이어블 캐릭터 조기 해방권 '귀멸 학원·렌고쿠 쿄쥬로', '귀멸 학원·우즈이 텐겐'

※플레이어블 캐릭터 조기 해방권은 버서스 모드에서 기재된 캐릭터를 처음부터 플레이할 수 있는 특전입니다.
※게임 내 의상은 버서스 모드에서 사용할 수 있습니다.
※버서스 모드에서 온라인 플레이를 즐기기 위해서는 PlayStation®Plus(유료)에 가입할 필요가 있습니다.
※온라인 기능을 이용하기 위해서는 최신 패치가 적용되어 있어야 합니다.
※내용 및 사양은 예고 없이 일부 변경될 수 있습니다.
※다운로드판 특전은 영구 부여되는 특전입니다.
※특전은 추후 별도로 배포될 수도 있습니다.
※PS5판 첫 기동 시에 PS4판의 저장 데이터가 존재할 경우, PS4판의 저장 데이터를 PS5판으로 이어받을 수 있습니다.
※이미 본 타이틀의 PS4판을 소지하고 계신 경우에는 추가 비용을 지불할 필요 없이 PS5 다운로드판을 다운로드하실 수 있습니다. 본 제품을 구매하실 필요는 없습니다.","Demon Slayer -Kimetsu no Yaiba- The Hinokami Chronicles 2,귀멸의 칼날 히노카미 혈풍담2",SEGA CORPORATION,https://image.api.playstation.com/vulcan/ap/rnd/202502/1401/8a24546049ddbc031651f2ed0959ea4c271184de5934188f.jpg?w=1920,액션,playstation
DOOM: The Dark Ages,https://store.playstation.com/ko-kr/concept/10009984,2025-05-15,https://image.api.playstation.com/vulcan/ap/rnd/202501/1405/b940bcd6be1b8c7980f750abbd62c9bf63fc51f5d49b61f9.jpg?w=1920,"지금 예약 주문하고 출시일에 공허 둠 슬레이어 스킨을 받아 보세요.


슬레이어가 되어 지옥을 상대로 중세 전쟁을 벌여라
DOOM: The Dark Ages는 비평가들의 찬사를 받은 DOOM(2016)과 DOOM Eternal의 프리퀄로, 둠 슬레이어의 분노가 어떻게 탄생했는지 알 수 있는 이야기가 장대한 시네마틱으로 펼쳐집니다. 이 모던 DOOM 시리즈의 세 번째 작품에서 플레이어들은 둠 슬레이어의 피로 얼룩진 여정을 떠나 지옥을 상대로 이제껏 한 번도 본 적 없는 어둡고 사악한 중세 전쟁을 벌이게 됩니다.

모두를 위한 DOOM
최신 idTech 엔진으로 제작된 다크 판타지/SF 싱글 플레이어 게임에서 독보적인 DOOM 프랜차이즈의 화끈한 전투와 압도적인 그래픽을 만나 보세요. 맞춤형 난이도 시스템 덕분에 프랜차이즈의 오랜 팬이든 신규 플레이어든 누구나 즐기기 좋습니다.

지옥을 지배하라
신과 왕들의 결전 병기가 되어 슈퍼 샷건과 같은 가공할 위력의 무기로 적들을 찢고, 다목적 병기인 방패 톱을 포함해 적들을 뼈까지 갈아 마셔 버릴 다양한 신규 무기를 사용해 보세요. 플레이어들은 오리지널 DOOM 시리즈 특유의 지상에서 펼쳐지는 무자비한 전투를 통해 악마로 득실대는 전장을 헤쳐 나가게 됩니다.

분노의 근원
시네마틱과 액션으로 가득 찬 이야기를 통해 둠 슬레이어의 분노가 어떻게 탄생했는지 확인해 보세요. 신과 왕들의 결전 병기라는 굴레에 속박된 둠 슬레이어는 악마들의 대장이 슬레이어를 없애고 자신이 유일한 공포의 대상으로 등극하기 위해 보낸 수많은 악마 무리를 상대하게 됩니다. 슬레이어가 지옥의 모든 적과 맞서 싸우고 전쟁의 흐름을 바꿔 전설이 되는 과정을 직접 확인하세요.

미지의 영역을 발견하라
슬레이어는 지옥의 군단을 박살 내기 위한 여정을 떠나, 이제껏 보지 못한 영역에서 전투를 치러야만 합니다. 황폐해진 성, 장대한 전장, 어두운 숲, 고대 지옥과 그 너머 다양한 장소에 각종 수수께끼와 챌린지, 그리고 보상이 기다리고 있습니다. 잔인하리만치 강력한 방패 톱으로 무장하고, id Software 역사상 가장 광대하며 위협과 비밀로 가득한 어둠의 세계를 헤쳐 나가세요.",DOOM: The Dark Ages,Bethesda Softworks,https://image.api.playstation.com/vulcan/ap/rnd/202501/1405/b940bcd6be1b8c7980f750abbd62c9bf63fc51f5d49b61f9.jpg?w=1920,슈팅,playstation
Lost Soul Aside,https://store.playstation.com/ko-kr/concept/10012778,2025-05-30,https://image.api.playstation.com/vulcan/ap/rnd/202412/0610/4922a59218050f843d9fe3d996e8ee92564cde7d64520a6e.jpg?w=1920,"예약주문하고 다음을 획득하세요:
• 케이저 공개 당시 의상: 오리진
• 게임 내 아이템 하이 포션 10개
• 게임 내 코인 ""신성금'' 500개


에디션 포함 항목:
• Lost Soul Aside™

영웅의 여정
루이자가 사라졌다. 사라졌다고?! 어떻게 이런 일이...
우리에게는 꿈이, 미래가 있었는데. 모든 게 더 나아질 거라 믿었어. 그런데... 이렇게 끝난다고?
아니, 계속 싸워야 해. 남은 우리가 포기할 순 없어.
뜻밖의 동료도 생겼고... 난 점점 강해지고 있어.
그녀를 구할 수 있을까? 그녀의 영혼을 되찾을 수 있을까?

Lost Soul Aside™에서는, 우주 저편에서 온 정체를 알 수 없는 차원의 침략자들로부터 여동생과 인류 전체를 구하기 위한 장대한 여정이 시작됩니다.

숨 막힐 정도로 스타일리시한 액션 어드벤처 RPG에서 화려한 무기 콤보를 달성하며, 강력한 적들과 거대한 보스를 상대하세요.

전부가 걸린 싸움
조작은 간단하지만, 숙련하기는 어렵습니다. 무기를 교체하고 공격 패턴을 혼합하며, 화려한 시각 효과를 적용한 짜릿한 전투를 통해 내가 원하는 방식으로 싸우세요.

캐릭터 진화:
경험치를 획득하면 캐릭터 스킬 트리에서 능력을 해제하고 선택할 수 있습니다.
다양한 조합을 시도하여 나만의 플레이스타일을 찾아 정의하고, 다가오는 시련에 대비하세요.

무기 스킬:
각 무기의 고유한 특성을 적용한 공격 콤보를 펼쳐보세요. 빠르게 무기를 전환하며 공격의 범위와 타격을 조절하고, 효과를 조합해 최대의 피해를 주세요.

무기 커스터마이징:
특수한 무기 조각을 장착하여 무기를 강화하고 커스터마이징하세요. 무기의 외형을 바꾸거나, 전투 또는 치유 능력을 강화하고, 전투 스타일을 업그레이드할 수 있습니다.

아레나의 힘:
용을 닮은 존재인 아레나가 부여하는 강력한 스킬을 활용하세요. 아레나의 다양한 능력을 해제하여 공격력을 강화하고, 치유 효과를 높이며, 보호막을 생성할 수 있습니다.

순간 추격:
무기를 활용한 콤보 도중 정확한 타이밍에 버튼을 눌러 강력하고 극적인 공격을 펼치고, 강렬한 힘으로 적에게 압도적인 피해를 주세요.

융합 강화/융합 해방:
공격 콤보와 능력으로 융합 게이지를 충전하고, 아레나의 발톱을 소환하여 적을 제압하세요. 이 스킬은 업그레이드할 수 있으며, 케이저가 모험을 진행함에 따라 새로운 전투 기술이 해제됩니다.

생존 기술:
회피 속도를 강화하고, 정교한 반격 타이밍 기술을 연마해 전투에서 더 오래 생존하세요.",Lost Soul Aside,Sony Interactive Entertainment,https://image.api.playstation.com/vulcan/ap/rnd/202412/0610/4922a59218050f843d9fe3d996e8ee92564cde7d64520a6e.jpg?w=1920,"롤플레잉 게임, 액션",playstation
Onimusha 2: Samurai's Destiny,https://store.playstation.com/ko-kr/concept/10011533,2025-05-23,https://image.api.playstation.com/vulcan/ap/rnd/202501/1705/9ba88e9686ed81df3464516885b33986c84972850d16759b.png?w=1920,"발매일까지 「귀무자2 (Onimusha 2: Samurai's Destiny)」(이하 「귀무자2」)를 구매하신 분께는 예약 특전으로 「귀무자2:오케스트라 BGM 셀렉션 팩」을 드립니다.

「귀무자2:오케스트라 BGM 셀렉션 팩」 내용
■「오케스트라 BGM 셀렉션」
「귀무자2」의 악곡 제작을 담당한 이와시로 타로 씨가 2002년에 발매한 CD 「Onimusha 2 Orchestra Album Taro Iwashiro Selection」으로부터 엄선된 5가지 곡이 수록되어 있습니다.
오케스트라를 통해 「귀무자2」의 세계관이 화려하게 표현되었습니다.

Truth Of Brave- Warring Mix
Truth Of Resolution- 오다니의 오유의 테마
Truth Of Edge- 마고이치의 테마
Truth Of Loyalty- 에케이의 테마
Truth Of Desire- 코타로의 테마

※게임 시작 화면에서 「특전」을 선택해 「갤러리」에서 선택이 가능합니다.

■「아이템 팩」
게임 플레이에 도움이 되는 아이템을 모은 팩을 입수할 수 있습니다.

[아이템 팩 내용]
약초: 3개 / 환약: 2개 / 비약: 1개
초귀약: 2개 / 극약: 1개
분신의 나무패: 1개 / 붉은색 혼: 10000

※게임 초반에서 「타카죠」와 만난 후에 입수할 수 있습니다.
※게임 안에서도 입수할 수 있는 소모형 아이템입니다.
※아이템 팩은 한 번만 입수가 가능합니다.
※위에 적힌 특전 내용은 별도 입수할 수 있는 경우가 있습니다.
※이 제품과 「Onimusha: Warlords」의 저렴한 세트 상품도 발매일부터 출시될 예정입니다.
(세트 상품을 2025년 6월 30일까지 구매하면 조기 구매 특전이 부여됩니다)


-----
되살아나는 사랑과 슬픔, 그리고 베는 손맛.
필살기 「일섬」을 비롯한 쾌감 넘치는 검극 액션.
각 등장인물이 펼치는 중후하고 하드보일드한 스토리.
선명해진 그래픽, 현행 하드웨어에 맞춰 튜닝된 조작감.
또한 대응 텍스트 언어를 추가!

주인공 야규 쥬베이의 모델로 배우 마츠다 유사쿠를 기용해, 전 세계에서 누계 200만 장 이상 발매된 전국 서바이벌 액션
「귀무자2 (Onimusha 2: Samurai's Destiny)」(이하 「귀무자2」)를 체감하자!

■복수의 귀신, 야규 쥬베이. 그를 연기하는 것은 「마츠다 유사쿠」.
새로운 귀신의 힘, 귀전술. 힘을 모아 「오의」가 작렬! 필살기 「일섬」을 성공시켜라!

후마 코타로. 사이가 마고이치. 안코쿠지 에케이. 오다니의 오유.
든든한 동료들과 함께 전란의 세상을 달려나가자!

■본작의 주요한 추가/업데이트 요소
・「갤러리」에 본작의 캐릭터 디자인을 담당한 아메미야 케이타 씨의 디자인 원화를 100점 이상 추가.
・신규 디지털 사운드 트랙 기능을 추가. 「귀무자2」의 오리지널 사운드 트랙 총 43곡을 수록.
・일격으로 게임 오버가 되는 고난이도 모드 「수라」를 추가.
・미니 게임 「귀조」「검은 양복의 남자」「퍼즐 환몽공간」을 모두 초기 단계에서 해방.
・자동 저장 기능이나 무기의 간이 변경 등 더 편하게 플레이할 수 있는 기능을 추가.

■「Onimusha: Warlords」의 저장 데이터 특전
・「Onimusha: Warlords」의 저장 데이터가 보존된 경우, 특전으로 「쥬베이: 사마노스케 장비」를 입수 가능!
※타이틀 화면에서 「특전」을 선택해 [쥬베이 의상] 란에서 선택 가능합니다.
※겉모습만을 변경하는 것으로, 스테이터스는 소지 중인 방어구와 같아집니다.","Onimusha 2: Samurai's Destiny,귀무자2",CAPCOM ASIA,https://image.api.playstation.com/vulcan/ap/rnd/202501/1705/9ba88e9686ed81df3464516885b33986c84972850d16759b.png?w=1920,액션,playstation
MindsEye,https://store.playstation.com/ko-kr/concept/10014002,2025-06-11,https://image.api.playstation.com/vulcan/ap/rnd/202503/1215/af34138f737819e2b8b0404f3df28d8b88601d5672ec63e6.jpg?w=1920,"지금 MindsEye를 예약하고 추가 비용 없이 디럭스 콘텐츠를 받으세요
• 프리미엄 패스
• ""디럭스"" 쏜 & 케플러 옐로재킷 무기
• ""퓨처"" 제이콥 조끼 스킨
• ""퓨처"" DC2 지원 드론 스킨
• ""퓨처"" 실바 세단 차량 스킨

""프리미엄 패스"" 구성:
• 팩 1 ""엑조틱 팩"" (""엑조틱"" 제이콥 조끼 스킨, ""엑조틱"" DC2 지원 드론 스킨, ""엑조틱"" 실바 세단 차량 스킨)
• 군단 모드 임무: 다양한 전술과 행동 양상을 갖춘 적에게 맞서 싸우십시오. 빠르게 판단하고 주변 환경을 활용하여 상대를 압도하십시오.
• 팩 2: 2025년 3분기 추가 임무 및 도전
• 팩 3: 2025년 4분기 추가 임무 및 도전
• 팩 4: 2026년 1분기 추가 임무 및 도전


제이콥 디아즈는 미스터리한 신경 임플란트인 MindsEye를 장착한 전직 군인으로서, 자신의 삶을 영원히 바꿔 놓은 은밀한 임무에 얽힌 기억 파편을 안고 살아갑니다. AI, 첨단 기술 실험, 통제 불가능한 군사력이 매 순간을 지배하는 세계에서 진실을 밝혀내기 위해 싸우십시오. 답을 찾고 있는 사람은 제이콥 하나만이 아닙니다. 음지에서 활동하는 세력은 제이콥의 상상 이상으로 강력하고 위험할지도 모릅니다. 백병전, 추격전, 공중전까지, 온갖 곳에서 벌어지는 치열한 전투에 대비하십시오. 모든 선택이 생사를 좌우합니다.",MindsEye,IO Interactive Partners A/S,https://image.api.playstation.com/vulcan/ap/rnd/202503/1215/af34138f737819e2b8b0404f3df28d8b88601d5672ec63e6.jpg?w=1920,액션,playstation
FATAL FURY: City of the Wolves - Special Edition,https://store.playstation.com/ko-kr/concept/10009499,2025-04-24,https://image.api.playstation.com/vulcan/ap/rnd/202408/0211/67efb223c8d579ab10e8510a2dc640f3d30ff0b2e877a0c8.jpg?w=1920,"English/Chinese/Korean/Japanese Ver.

【특전 내용】
■예약 특전
3일 얼리 액세스 권한 (2025년 4월 21일부터 플레이 하실 수 있습니다.)

DLC 코스튬 '아랑전설 2 테리'
※다운로드 버전은 2025년 4월 23일까지 구입했을 경우에 한하여 특전이 제공됩니다.
※특전 DLC 코스튬은 추후에 유료로 판매될 수 있습니다.


※PS4™ 다운로드 버전과 PS5™ 다운로드 버전 양쪽을 다운로드할 수 있는 타이틀입니다.
※온라인 멀티 플레이를 즐기기 위해서는 PlayStation®Plus (유료)에 가입할 필요가 있습니다.

※""아랑전설 시티 오브 더 울브스""는 'SPECIAL EDITION'으로만 판매합니다.
※현재, 게임 본편 및 시즌 패스 1의 개별 판매는 예정되어있지 않습니다.


게임 본편
시즌 패스1
-DLC 캐릭터 1 (2025년 여름 배포예정)
-DLC 캐릭터 2 (2025년 여름 배포예정)
-DLC 캐릭터 3 (2025년 가을 배포예정)
-DLC 캐릭터 4 (2025년 겨울 배포예정)
-DLC 캐릭터 5 (2026년초 배포예정)

【특전 내용】
■예약 특전
3일 얼리 액세스 권한 (2025년 4월 21일부터 플레이 하실 수 있습니다.)

DLC 코스튬 '아랑전설 2 테리'
※다운로드 버전은 2025년 4월 23일까지 구입했을 경우에 한하여 특전이 제공됩니다.
※특전 DLC 코스튬은 추후에 유료로 판매될 수 있습니다.

1991년에 탄생한 이래로 90년대 격투 게임의 붐을 이끈 SNK의 인기 격투 게임 '아랑전설' 시리즈.
1999년에 '아랑 마크 오브 더 울브스'가 발매되고 26년의 시간이 흘러, 마침내 시리즈 최신작 ""아랑전설 시티 오브 더 울브스""""가 등장!

■대전을 더욱 뜨겁게 해줄 'REV 시스템'을 새롭게 탑재!
대전 시작부터 다양한 특수 공격을 사용할 수 있는 'REV 시스템'을 새롭게 탑재! 'REV 게이지'가 한계에 도달할 때까지 'REV 아츠'와 'REV 액셀', 그리고 S.P.G.존에서 'REV 블로' 등의 사용이 가능. 'REV 시스템'으로 더욱 짜릿한 배틀을 실현!

■초보자부터 상급자까지 폭 넓게 즐길 수 있는 2가지 조작 스타일!
테크니컬한 조작 스타일인 '아케이드 스탠스'와, 방향키와 버튼 하나 조합으로 화려한 필살기와 콤보를 사용할 수 있는 '스마트 스탠스' 중에서 하나를 선택할 수 있다. 격투 게임 초보자부터 상급자에 이르기까지 자신의 실력과 레벨에 맞춰 대전을 즐겨보자!

■사우스 타운을 무대로, 개성적인 파이터들이 격돌!
역대 인기 캐릭터와 신규 캐릭터 등 17명과 함께, 시즌 패스 1의 DLC 캐릭터 5명을 포함하여 총 22명의 참전이 결정! 감성을 자극하는 독자적인 '아트 스타일'로 그려진 파이터들이 사우스 타운에서 격돌!

■사우스 타운 제패를 목표로 하는 RPG 모드 'EOST'를 새롭게 탑재!
싱글 플레이용 RPG 모드로 'EOST (EPISODES OF SOUTH TOWN)'을 새롭게 탑재. 욕망으로 가득한 사우스 타운을 무대로 다양한 조건을 클리어 하면서 경험치와 보수를 획득. 레벨업과 스킬 장비를 통해 캐릭터를 육성. 각지의 보스를 쓰러뜨리고 사우스 타운을 제패하라!
※'EOST'를 즐기기 위해서는 인터넷에 접속하여 데이트를 실시해야 합니다.","FATAL FURY: City of the Wolves - Special Edition,아랑전설 시티 오브 더 울브스 SPECIAL EDITION",SNK PLAYMORE CORPORATION,https://image.api.playstation.com/vulcan/ap/rnd/202408/0211/67efb223c8d579ab10e8510a2dc640f3d30ff0b2e877a0c8.jpg?w=1920,격투,playstation
Capcom Fighting Collection 2,https://store.playstation.com/ko-kr/concept/10008958,2025-05-16,https://image.api.playstation.com/vulcan/ap/rnd/202408/2002/dcfbf73970ff80d0ebe7357fb00559fa4d4f05bab3f7251a.png?w=1920,"예약 특전

「Capcom Fighting Collection 2」의 MUSEUM 모드에 사운드 트랙 2곡이 추가되는 콘텐츠입니다.
캡콤의 사운드 팀 공식 밴드인 「CAP-JAMS」가 자신있게 선보이는 사운드를 즐겨보세요!

■수록 내용
【MUSEUM】 모드 속 메뉴 「SOUND」에서 아래 타이틀의 항목으로 추가됩니다.

・Soy Sauce for Geese - Arranged by CAP-JAMS:
Capcom vs. SNK: Millennium Fight 2000 Pro

・Rival Schools Medley - Arranged by CAP-JAMS:
Project Justice

※게임 플레이 중의 BGM으로는 사용할 수 없습니다.


「CAPCOM FIGHTING COLLECTION」시리즈 제2탄!

「Capcom vs. SNK 2: Mark of the Millennium 2001」, 「Project Justice」 등의 격투 타이틀에 더해 3D 대전 액션 「Power Stone」, 「Power Stone 2」 등 굴지의 명작 총 8 타이틀을 수록!

물론 모든 타이틀에서 온라인 대전 및 협력 전투가 가능!

그 때 그 시절 모두가 뜨겁게 달아올랐던 드림 매치가 지금 다시 개막된다!
당시의 라이벌들과 함께 마음가는 대로 즐겨라!

■쾌적한 네트워크 대전!
랭크 매치에서 진검 승부를 하기, 캐주얼 매치에서 간편하게 대전하기, 로비를 만들어 친구들과 모여서 대전하기&협력 플레이 하기&관전하기 등등, 다양한 스타일로 플레이가 가능합니다.
롤백 넷코드를 채용한 쾌적한 온라인 환경에서 플레이하세요!
대전 뿐만 아니라 자신의 한계에 도전하는 「하이 스코어 챌린지」 모드도 탑재. 전 세계의 플레이어와 점수를 겨뤄보세요.

■처음으로 플레이하는 경우에도 안심할 수 있는 다양한 기능을 구현!
난이도 변경, 원버튼 필살기, 만족할 때까지 연습할 수 있는 트레이닝 모드 등, 초보자가 유용하게 활용할 수 있는 다양한 기능을 탑재하였습니다.
또한 어디서든 저장, 로드가 가능해 언제든지 게임을 다시 시작할 수 있습니다!

■보너스 콘텐츠도 충실!
8 타이틀을 대상으로 총 700점 이상의 일러스트, 제작 현장을 엿볼 수 있는 개발 자료를 수록! 처음으로 공개되는 자료들도 포함되어 있습니다.
또한 각 타이틀의 아케이드 오리지널 버전의 악곡 음원을 300곡 이상 시청할 수도 있습니다!

■수록 타이틀(게임 안에서 일본어 버전과 영어 버전을 선택 가능)
Capcom vs. SNK: Millennium Fight 2000 Pro
Capcom vs. SNK 2: Mark of the Millennium 2001
Capcom Fighting Evolution
Street Fighter Alpha 3 UPPER
Power Stone
Power Stone 2
Project Justice
Plasma Sword: Nightmare of Bilstein",Capcom Fighting Collection 2,CAPCOM ASIA,https://image.api.playstation.com/vulcan/ap/rnd/202408/2002/dcfbf73970ff80d0ebe7357fb00559fa4d4f05bab3f7251a.png?w=1920,격투,playstation
SHINOBI: Art of Vengeance,https://store.playstation.com/ko-kr/concept/10008251,2025-08-29,https://image.api.playstation.com/vulcan/ap/rnd/202501/2223/be86073696a0afeadcf76d931244e75a156ed45adc8d45ed.jpg?w=1920,"【예약 특전】
・조 무사시 추가 의상 '오리지널 아케이드 의상' (게임 내 아이템)
・추가 부적 '축복' (게임 내 아이템)
※2025년 8월 29일 12:59(KST)까지 예약 구매 한 경우 본 특전이 동봉됩니다.


본 제품을 소지한 고객님께서는 해당 게임의 디지털 PS4® 버전과 디지털 PS5® 버전 모두를 보유하실 수 있습니다.

ーーーーーーーーーー

■게임 설명
히트작 「베어너클 4」의 개발 스튜디오가 선사하는 새로운 닌자 액션 게임. 복수심에 불타는 한 시노비의 서사가 핸드 드로잉 터치의 아트 스타일로 섬세하고 선명하게 그려진다.

■줄거리
시노비의 정점에 이른 닌자 '조 무사시'는 전소된 마을과 돌로 변한 동료들을 눈앞에서 목격하고 복수의 여정에 나선다. 거대한 악에 맞서 동료들의 원수를 갚기 위해서…

■시노비의 기술을 갈고닦아라
검과 쿠나이, 인술, 인법 그리고 조 무사시의 능력을 확장시키는 부적을 자유롭게 사용하여 적을 쓰러뜨려라. 상황에 따라 다양한 기술을 선택하고 자신만의 배틀 스타일로 콤보를 펼치자. 매끄럽고 약동감 있는 애니메이션과 속도감 넘치는 액션이 융합하여 유일무이한 통쾌함을 맛볼 수 있다.

■핸드 드로잉 터치로 그려지는 아름다운 세계
군사 기지부터 작열하는 사막까지, 길을 떠난 조 무사시 앞에 펼쳐지는 각양각색의 스테이지. 수작업으로 밀도 있게 표현된 세계가 그의 여로를 물들인다.
또한, 도중에는 다양한 인술을 구사하여 눈앞의 난관을 극복하고 숨겨진 신규 루트를 발견하는 등, 만족스러운 플랫폼 액션도 즐길 수 있다.

※본 상품은 게임 본편 단품이며, 게임 본편과 추가 콘텐츠가 포함된 세트 상품은 별도로 판매되고 있습니다. 중복 구매에 유의하시기 바랍니다.
※내용 및 사양은 예고 없이 변경될 수 있습니다.

ーーーーーーーーーー

이미 본 타이틀의 PS4®판을 소지하고 계신 경우에는 추가 비용을 지불하거나 본 제품을 구매할 필요 없이 PS5® 다운로드판을 다운로드하실 수 있습니다. PS4® 패키지판을 소지하신 분은 PS5® 다운로드판을 다운로드하거나 플레이할 때마다 디스크를 PS5®에 삽입하셔야 합니다. 패키지판의 PS4® 타이틀을 소지하고 계시더라도 디스크를 사용하지 않는 PS5® 디지털 에디션을 구매하셨다면 PS5® 다운로드판을 추가 비용 없이 받으실 수는 없습니다.","SHINOBI: Art of Vengeance,SHINOBI 복수의 참격",SEGA CORPORATION,https://image.api.playstation.com/vulcan/ap/rnd/202501/2223/be86073696a0afeadcf76d931244e75a156ed45adc8d45ed.jpg?w=1920,액션,playstation
FANTASY LIFE i: The Girl Who Steals Time Digital Deluxe Edition,https://store.playstation.com/ko-kr/concept/10013482,2025-05-22,https://image.api.playstation.com/vulcan/ap/rnd/202501/1607/5c571415280559c54fc6d4029c588bfc3f6976c207edbf0c.png?w=1920,"사전 주문 보너스
-----
새내기 모험가 패키지를 통해 판타지르 모험을 빠르게 시작하세요!
해당 특별 꾸러미에는 경험치 획득량을 높여 주는 액세서리인 나비 부적뿐 아니라 여정에 도움이 되는 유용한 소모 아이템 9종이 포함됩니다!
-----
2025년 5월 21일 오후 23:59(KST) 전까지 구매한 플레이어만 해당 보너스를 받을 수 있습니다.


본 제품을 소지한 고객님께서는 해당 게임의 디지털 PS4® 버전과 디지털 PS5® 버전 모두를 보유하실 수 있습니다.

디지털 디럭스 에디션으로 업그레이드하고 한정 마운트, 특별 장비, 의상 등 멋진 보상을 받으세요!

- 한정 마운트: 꾸벅 미니곤
- 한정 꾸벅 드래곤 전투 직업 무기: 꾸벅 드래곤 소드, 꾸벅 드래곤 클레이모어, 꾸벅 드래곤 애로, 꾸벅 드래곤 완드
- 캐릭터 변신 의상 세트: 하얀 소녀의 드레스, 하얀 소녀의 샌들, 고고학자의 모자, 고고학자의 코트, 고고학자의 부츠, 트립 모양 인형 탈

*각 에디션에 포함된 보너스에 대한 자세한 정보는 공식 웹사이트(https://www.fantasylife.jp/fli/en/)를 방문해 확인하세요.

14개의 고유 직업을 자유롭게 넘나들며 근심 걱정 없는 판타지 세계의 '라이프'를 누릴 수 있는, 슬로우 라이프 RPG로 초대합니다.
낚시하고 요리하며 섬을 원하는 대로 꾸미거나 친구들과 팀을 이뤄 광활한 세계를 가로지르며 몬스터와 전투하세요.
어떤 삶을 살게 될지는 여러분의 선택에 달려 있어요!

■ 드래곤이 여러분을 신비의 섬으로 안내합니다
당신은 고고학자 에드워드 팀과 함께 항해를 떠나는 모험가입니다.
용 화석에서 뿜어져 나오는 빛을 따라가다가 미지의 무인도를 발견하게 되었죠.
거대한 심연, 뼈로 된 용, 세상을 구해달라는 소녀의 간절한 메시지...
1,000년 전 번성했던 섬과 현재의 섬 사이를 여행하며 몰락한 섬의 수수께끼를 풀어보세요!

■당신의 삶을 밝혀줄 14가지의 각기 다른 라이프
이 세계에서 ""라이프""는 일종의 직업과도 같습니다.
각 라이프는 고유의 특성이 있으며 다채로운 방식의 삶을 즐길 수 있게 됩니다.
채집 라이프를 선택해 소재나 재료를 모으거나, 제작 라이프를 선택해 무기나 요리를 만들어 내거나, 전투 라이프를 선택해 몬스터와 싸우세요. 라이프는 언제든지 바꿀 수 있어 자신만의 독특한 삶을 만들어낼 수 있습니다.

■섬을 꾸미고, 마을을 만들어 보세요
라이프를 통해 재료를 모으고 섬을 복구하여 옛 영광을 되찾는 거예요!
집이나 오브젝트를 배치하는 것뿐만 아니라, 풍경을 바꿀 수도 있습니다. 또한 강이나 도로를 그려 완전히 독특한 섬을 창조할 수도 있어요.
집을 확장해서 가구를 배치하고 인테리어 솜씨를 마음껏 뽐내보세요!

■ 오픈 월드로의 모험을 떠나세요!
시리즈의 가장 큰 대륙을 자유롭게 탐험하세요!
사다리를 오르고, 강과 호수를 헤엄치거나, 산을 타는 등 새로운 액션으로 자유롭게 세계를 누빌 수 있습니다!

■멀티플레이를 통한 끝없는 재미!
최대 4명의 플레이어와 함께 멀티플레이를 즐겨보세요!
섬에 친구를 초대하고 던전을 탐험하거나 각자의 방식을 찾아 즐거움을 나눌 수 있습니다!
컨트롤러가 2개라면, 2인 플레이어 패밀리 협동 기능을 통해 온라인에 연결하지 않고도 다른 플레이어가 여행 동반자로서 모험에 참여할 수 있습니다!","FANTASY LIFE i: The Girl Who Steals Time Digital Deluxe Edition,FANTASY LIFE i : 빙글빙글 용과 시간을 훔치는 소녀 디지털 디럭스 에디션",LEVEL5 Inc.,https://image.api.playstation.com/vulcan/ap/rnd/202501/1607/5c571415280559c54fc6d4029c588bfc3f6976c207edbf0c.png?w=1920,롤플레잉 게임,playstation
GRADIUS ORIGINS,https://store.playstation.com/ko-kr/concept/10009638,2025-08-07,https://image.api.playstation.com/vulcan/ap/rnd/202503/0407/8907ec338327e8dbb781ed9eb5835b6d2750021bbb1d1580.png?w=1920,"가정용 게임기로 처음 이식되는 환상의 '그라디우스 III AM 쇼 버전'을 포함하여, 총 7개 타이틀의 18개 버전 아케이드 타이틀 수록
어디서든 할 수 있는 저장과 되돌리기, 무적 모드 등 알찬 지원 기능과 함께, 부활 지점 및 플레이 회차, 파워 업 상태 등을 설정해 연습할 수 있는 트레이닝 모드, 각종 BGM과 귀중한 자료 이미지가 수록된 라이브러리 기능도 구현

1. 샐러맨더 III

2. 그라디우스
일본 ROM판 / 일본 버블 시스템판 / 북미판 (NEMESIS) / 유럽판 (NEMESIS) / 북미 시제품판 (NEMESIS)

3. 샐러맨더
일본판 / 북미판 (라이프 포스)

4. 라이프 포스
일본판

5. 그라디우스 II -GOFER의 야망-
일본 전기판 / 일본 중기판 / 일본 후기판 / 북미판 (VULCAN VENTURE)

6. 그라디우스 III -전설에서 신화로-
일본 OLD판 / 일본 NEW판 / 아시아판 / 일본 AM 쇼판

7. 샐러맨더2
일본판

■ 알찬 지원 기능, 편의 기능, 신규 모드

빠른 저장 / 빠른 불러오기
게임 플레이 중 언제든지 저장/불러오기 가능

되돌리기
언제 어디서든 되돌리기로 다시 시작할 수 있는 편의 기능

이지 모드
플레이어 전투기의 피격 판정 범위가 작아 한결 편하게 진행할 수 있는 플레이 모드입니다.

무적 모드
적의 공격을 맞아도 플레이어 전투기를 잃지 않으며, 잃은 횟수만 기록되는 플레이 모드입니다.

트레이닝 모드
부활 지점 및 플레이 회차, 파워 업 상태 등을 설정해 게임을 연습할 수 있는 플레이 모드입니다.
※특정 게임 버전에서만 플레이할 수 있습니다.

온라인 랭킹
게임 오버 후, 획득한 스코어를 리더 보드에 등록
상위 랭킹에 들면 스코어 등록과 함께 리플레이 업로드

사운드 갤러리
각 타이틀의 오리지널 사운드트랙 및 기존 발매 CD에 수록된 어레인지 악곡 등 감상 가능

비주얼 갤러리
당시의 사용 설명서, 개발 자료 등 열람 가능

그라디우스 도감
각 오리진 타이틀의 적 캐릭터와 스코어 확인 가능


그 외 각 게임 설정 화면에서 다양한 설정(기판의 DIP 스위치, 화면 필터, 당시의 버그 재현 등) 변경 가능",GRADIUS ORIGINS,KONAMI DIGITAL ENTERTAINMENT,https://image.api.playstation.com/vulcan/ap/rnd/202503/0407/8907ec338327e8dbb781ed9eb5835b6d2750021bbb1d1580.png?w=1920,슈팅,playstation
Forever Skies,https://store.playstation.com/ko-kr/concept/10004499,2025-04-15,https://image.api.playstation.com/vulcan/ap/rnd/202403/1915/ad2e2bb61dba90f62de9db19410b4db347e3ddefc23e9857.jpg?w=1920,"Forever Skies는 1인칭 포스트 아포칼립스 생존 게임입니다. 혼자 혹은 협동으로 플레이해 생태학적 재앙으로 폐허가 된 지구로 돌아오세요. 최첨단 비행선을 건설하고, 비행하고, 업그레이드하고 커스터마이징하세요. 도구를 제작하고, 자원을 찾고 생존하세요. 표면에서 위험을 직면하고 바이러스를 사냥해 신비로운 질병을 치유하세요.

비행선을 건설하고 조종하세요
최첨단 비행선을 건설하고, 유지하고, 광범위하게 커스터마이징하세요. 폐허가 된 지구 표면을 나는 동안 비행선은 집, 작업장, 실험실 그 이상이 될 겁니다. 비행선을 관리하고 자원을 모아 개선시키고 여러분만의 고유한 것으로 만드세요.

폐허가 된 하늘을 찾아 뒤지세요
문명의 폐허에서 음식, 재료, 자원을 모아 생존하세요. 과학을 이용해 도구, 비행선, 기술을 업그레이드하고, 바이러스 병원체를 찾아 궤도에 발이 묶인, 마지막으로 남은 인간들을 아프게 하는 신비한 질병을 치료하는 임무를 이행하며 이 적대적인 환경에서 번영하세요.

먼지 밑으로 내려가세요
지구를 뒤덮고 있는 유독성 먼지 아래로 내려가 이상하고 새로운 세계를 발견하세요. 우리가 없는 동안 행성의 표면이 바뀌었습니다. 진화된 동식물상과 마주하고 바이러스 병원체, 희귀한 자원, 귀중한 연구를 찾아 임무를 진행시키세요

싱글 플레이어 혹은 온라인 협동
싱글 플레이어로 혹은 최대 4인까지 지원하는 온라인 협동을 이용해 친구와 함께 플레이하여 폐허가 된 지구에서 탐험하고 임무를 이행하세요.",Forever Skies,Far From Home SA,https://image.api.playstation.com/vulcan/ap/rnd/202403/1915/ad2e2bb61dba90f62de9db19410b4db347e3ddefc23e9857.jpg?w=1920,"시뮬레이터, 어드벤처, 액션",playstation
MotoGP25,https://store.playstation.com/ko-kr/concept/10012137,2025-04-30,https://image.api.playstation.com/vulcan/ap/rnd/202502/1416/a1d074576b627a090a40370054dfa662d2e5bc0f639c2e5e.jpg?w=1920,"가장 빨리 달리세요! 지금 MotoGP™25를 사전 주문하고 정식 게임, Off Road Helmets Pack, Iconic Liveries Pack을 획득하세요.


MotoGP™25에 참가하세요!

2025 시즌의 모든 디테일을 느껴보세요
공식 챔피언십에 참가하고 좋아하는 라이더들과 함께 경쟁하면서 유명한 바이크와 시즌 트랙을 마스터하세요. 언리얼 엔진 5, 공정한 전투를 보장하는 MotoGP™ Stewards, 공식 바이크를 현장에서 녹음하여 개선한 사운드 디자인을 통해 가장 사실적인 경주의 스릴을 경험하세요.

레이싱 유산을 만들어가세요
MotoGP™ Legend가 되는 길은 여기에서부터 시작됩니다! 바이크의 진화 속으로 뛰어들고, 시즌 중에 자신만의 커리어 Turning Point를 선택하고, 트랙 밖에서 사회적 관계를 쌓으세요. 그리고 이런 다양한 선택이 주말 동안 어떻게 진화해 나가는지 직접 확인하세요. 라이더 마켓의 분위기를 익히고 항상 개성 넘치는 여정을 만들어가세요.

실력을 키우세요
커리어 및 퀵 모드에서 이용할 수 있는 새로운 Race Off 규칙을 통해 챔피언이 되는 법을 배우세요. 2개의 오리지널 환경에 펼쳐져 있는 4개의 전용 트랙에서 Motard, Flat Track, Minibike 바이크를 타고 질주하세요. 일리미네이션과 릴레이 레이스 같은 챌린지에 도전하고, 라이더의 신체 능력을 끌어올리고, 액세서리를 잠금 해제하고, 스킬을 날카롭게 다듬어서 트랙을 지배하세요!

자신만의 길을 질주하세요
끝없는 플레이, 아니면 풀 시뮬레이션 챌린지? 새로운 Arcade 경험을 통해 즉시 아드레날린이 솟구치는 재미를 느끼세요. 아니면 Pro 경험에서 트랙의 모든 세밀한 정보, 연료 소비량, 전자 장치를 마스터하면서 실감 나는 MotoGP™의 세계를 체험하세요! 적응형 난이도 모드, 신경 지원 시스템, 새로운 튜토리얼을 통해 바이크를 완벽하게 조종하세요.

현장을 장악하세요
랭킹 레이스와 완벽한 크로스 플레이를 통해 자신이 속한 플랫폼*에 상관없이 비슷한 스킬을 가진 친구 및 상대에게 도전할 수 있습니다. 게임 내 에디터를 통해 창의력을 발휘하고 온 세상에 자신만의 개성을 표출하세요.

*Nintendo Switch 제외",MotoGP25,Milestone S.r.l.,https://image.api.playstation.com/vulcan/ap/rnd/202502/1416/a1d074576b627a090a40370054dfa662d2e5bc0f639c2e5e.jpg?w=1920,"스포츠, 드라이빙/레이싱",playstation
Blades of Fire,https://store.playstation.com/ko-kr/concept/10011854,2025-05-23,https://image.api.playstation.com/vulcan/ap/rnd/202501/2914/7af81537b1d90e1fc119a33a9e588ccf82b55eaffee6f2bb.jpg?w=1920,"블레이드 오브 파이어 사전 예약 후 모험가 팩을 받으세요.

모험가 팩 구성:
- 아란 전용 아이언 팔라딘 의상
- 아란 전용 강철의 제왕 의상
- 히솝 무기용 망치 머리
- 추가 단조 재료


전설을 만들어 보세요
빛나는 수상 경력을 자랑하는 머큐리스팀(MercurySteam)의 신작 액션 어드벤처 게임으로, 독특한 전투 시스템에서 나만의 무기를 제작해 맹렬한 적과 맞서 싸우는 게임입니다.

운명의 진정한 의도를 찾기 위해 떠나는 아란 데 리라의 여정에 함께하세요!

주요 특징
신성한 금속: 여러분은 근위대 사령관의 맏아들, 아란 데 리라입니다. 새로 즉위한 네레아 여왕이 강철을 돌로 바꾸는 주문을 걸었습니다. 여왕의 가증스러운 군대만이 다른 칼을 부술 수 있는 신성한 금속을 휘두를 수 있습니다.

단조: 단조 두루마리를 찾아 단조 기술을 연마하고 전투 유형에 맞는 무기를 제작하세요. 선택한 무기 계열과 재료에 따라 무게, 길이, 내구성, 관통력, 예리함과 같은 무기의 특성이 달라집니다.

무기 선택: 선택할 수 있는 7가지 무기 계열과 30가지 이상의 고유한 단조 두루마리로 무한대에 가까운 무기 조합을 만들 수 있습니다. 적과 맞설 때 어떤 무기를 선택했는지가 중요하게 작용합니다!

전략적 전투: 독특하고 도전적인 전투 시스템에서 적의 특정 신체 부위를 공격할 수 있습니다. 처한 상황과 적이 가진 무기에 따라 적을 베고, 찌르고, 때리세요. 올바른 무기를 사용해야만 적의 방어구를 뚫을 수 있습니다.

여정을 함께할 동료: 아드소는 아란의 여정에 동참하는 동료입니다. 전투 중 아드소는 적을 분석하고 기록을 작성해 적을 물리칠 수 있는 유용한 정보를 줍니다. 아드소는 고대 포저 언어를 구사할 수 있기 때문에 모험에서 중요한 역할을 합니다.

조심하세요: 여왕의 근위대, 몬스터, 언데드 등 50가지 이상의 적 유형이 있습니다. 적마다 고유한 공격 유형, 무기, 방어구 구성을 가지고 있습니다.

수수께끼로 가득한 세상: 아란과 아드소는 불확실한 임무를 수행하기 위해 떠납니다. 목표는 분명하지만, 목표로 향하는 길에는 위험과 수수께끼가 가득하고 거대한 성, 미로 같은 궁전 등의 장대한 배경이 펼쳐집니다. 여러분은 영웅들이 알고 있는 정보만 가지고 나아가며 부족한 부분은 직관과 용기로 대처해야 합니다.","Blades of Fire,블레이드 오브 파이어 Blades of Fire",505 GAMES S.R.L.,https://image.api.playstation.com/vulcan/ap/rnd/202501/2914/7af81537b1d90e1fc119a33a9e588ccf82b55eaffee6f2bb.jpg?w=1920,어드벤처,playstation
Shadow Labyrinth,https://store.playstation.com/ko-kr/concept/10009867,2025-07-17,https://image.api.playstation.com/vulcan/ap/rnd/202412/1203/c4e88eff6ebbea0bbbde70a28c24b09d3b331ea9aa5d3dd4.png?w=1920,"【예약 구매 특전】
오리지널 PAC-MAN 사운드 변경 DLC

게임에서 사용하는 미니 퍽 모드의 사운드를 오리지널 PAC-MAN의 사운드로 변경할 수 있습니다.

※옵션 화면의 사운드 설정에서 변경할 수 있습니다.
※내용 및 사양은 예고 없이 변경될 수 있습니다.
※특전은 추후 별도로 판매될 수 있습니다.


※본 상품은 「일반판」입니다. 그 밖에도 「디지털 디럭스 에디션」을 별도로 판매 중이므로 중복 구매에 주의하십시오.

팩맨의 유전자가 섞인 탐색형 2D 액션 게임 『Shadow Labyrinth (쉐도우 라비린스)』.

옛 전쟁의 유물이 남아있는 황폐화된 별에서, 수수께끼의 노란 구체 -PUCK- 에게 8번째 적합자로 소환된 주인공.

가혹한 세계에서 살아남기 위해 적을 먹어 치우며 그 운명을 개척하자.

【탐색】
끝을 알 수 없는 동굴, 울창하게 번식한 밀림, 끝없이 펼쳐진 황야.
심연에 감추어진 기묘한 땅과, 앞을 가로막는 수많은 강적에게 도전하며 어둠의 끝으로 향하자.

【액션】
적을 먹어 치우고 새로운 힘을 손에 넣어라.
강화와 커스터마이즈로 독자적인 전술을 찾아내 미궁을 공략하자.

【스토리】
수수께끼의 노란 구체 -PUCK- 의 인도를 받아, 머나먼 곳에 위치한 거대한 탑을 향하게 된다…
PUCK의 진짜 목적이 무엇인지, 무엇과 싸우고 있는지. 이 세계의 비밀을 풀어라.",Shadow Labyrinth,Bandai Namco Entertainment,https://image.api.playstation.com/vulcan/ap/rnd/202412/1203/c4e88eff6ebbea0bbbde70a28c24b09d3b331ea9aa5d3dd4.png?w=1920,액션,playstation
Amerzone - The Explorer's Legacy,https://store.playstation.com/ko-kr/concept/10008226,2025-04-24,https://image.api.playstation.com/vulcan/ap/rnd/202403/0714/bcff4bb8f4f5c13992cd9ae584a40a48ebf1b0b0f782d06a.jpg?w=1920,"그레이트 화이트 버드를 찾아 비밀로 가득한 미지의 땅으로 모험을 떠나보세요

어느 탐험가의 유지를 받들어 남미의 잊힌 나라, Amerzone으로 날아가 탐험을 시작해보세요.

자연과 하나가 된 이 비밀스러운 땅의 폐허를 조사하며, 각자의 풍부한 스토리를 가진 흥미진진한 캐릭터들을 만나고 복잡한 퍼즐을 풀어 진실을 밝혀내세요.

전설 속의 그레이트 화이트 버드를 둘러싼 미스터리를 파헤칠 수 있을까요?

특징
- Benoît Sokal의 컬트 명작 리메이크
Syberia 사가를 앞서는 Benoît Sokal의 작품을 (다시) 만나보세요

- 탐험에 대한 헌사
으스스하면서도 아름다운 환경을 여행하며 이 땅에 얽힌 미스터리와 비밀을 파헤쳐 보세요

- 수많은 난관을 이겨내고 진실을 밝혀 내세요
깊고 풍부한 스토리 속에서 단서를 찾고 복잡한 퍼즐을 풀며, 그레이트 화이트 버드를 찾아내세요

- 매력적인 캐릭터들을 만나보세요
풍부한 스토리를 가진 사람들을 만나고, 이들의 이야기를 들어 과거의 오류를 바로잡으세요

- 누구나 모험을 즐길 수 있는 두 가지 난이도

- 데모 버전에서 정식 버전으로 세이브 파일 연동 가능

- Syberia 시리즈와 더불어 Benoît Sokal 특유의 세계관으로 빠져보세요","Amerzone - The Explorer's Legacy,Amerzone: 탐험가의 유산",Microids,https://image.api.playstation.com/vulcan/ap/rnd/202403/0714/bcff4bb8f4f5c13992cd9ae584a40a48ebf1b0b0f782d06a.jpg?w=1920,어드벤처,playstation
Hot Rod Mayhem,https://store.playstation.com/ko-kr/concept/10014125,2025-04-15,https://image.api.playstation.com/vulcan/ap/rnd/202501/2516/c955dc1bf1f6a655cda2fb26299b6385eced4a566a5a63a7.png?w=1920,"엔진을 켜세요, 기어헤드 여러분 - 핫 로드 메이헴의 시간입니다! 와일드한 레이스와 독특한 시험에서 속도와 기술을 시험하며 궁극의 작은 레이서로 자신을 증명하세요! 까다로운 마블이나 유도 다트 같은 위험한 아이템을 사용하여 라이벌들을 먼지 속에 남겨두세요!

당신의 레이서를 커스터마이징하세요! 헬멧, 얼굴, 옷, 색상을 선택하여 자신만의 독창적이고 용감한 캐릭터를 만드세요! 라이벌들이 결코 잊지 못할 기발한 모습을 만들어보세요!

핫 로드를 선택하세요! 블레이징 불렛으로 질주하거나, 크림슨 크루저로 스타일리시하게 달려보세요! 각각 고유한 스탯을 가진 15대의 차량 중에서 선택할 수 있어, 항상 당신의 레이싱 요구에 맞는 빠르고 화려한 핫 로드를 찾을 수 있습니다.

강력한 아이템을 해방하세요! 전략적인 아이템으로 경쟁을 제압하세요! 호밍 다트로 리더를 타겟팅하거나, 마블로 앞차를 공격하거나, 디스크를 떨어뜨려 누구든 그 위를 지나가면 느려지게 만드세요. 방패로 자신을 방어하거나, 터보 부스트로 경쟁을 앞지르세요. 힘은 당신의 손에 달려있습니다!

독특한 시험을 정복하세요! 후프를 뛰어넘고, 전기 구슬을 피하고, 부스터 패드에서 미친 속도를 기록하며, 특별한 시험에서 대담한 업적을 완성하세요! 이것은 단순한 레이스가 아니라, 운전석에 앉아 긴장감을 유지하기 위해 설계된 경험입니다!

놀라운 트랙을 질주하세요! 스노우 서밋에서 추위를 느끼거나, 사이버 시티를 질주하거나, 마리아치 마일에서 축하하세요! 각 트랙에는 전방, 미러, 리버스, 트위스트 모드가 있어 더욱 혼란스러운 재미를 제공합니다!

챔피언이 되세요! 각각 고유한 시험으로 시작하는 10개의 컵에서 경쟁하세요! 이 까다로운 도전을 마스터하고 실력을 뽐내며 포디엄의 정상에 서보세요!",Hot Rod Mayhem,Casual Brothers Ltd,https://image.api.playstation.com/vulcan/ap/rnd/202501/2516/c955dc1bf1f6a655cda2fb26299b6385eced4a566a5a63a7.png?w=1920,"드라이빙/레이싱, 드라이빙/레이싱, 아케이드",playstation
Collectible Cars Shop Simulator,https://store.playstation.com/ko-kr/concept/10013980,2025-04-04,https://image.api.playstation.com/vulcan/ap/rnd/202501/2815/db76d79eec31a5d4957a0bbdd798d28171a6e115e5da5d25.jpg?w=1920,"진짜 보물이 있는데 왜 평범한 자동차에 만족할까요? 수집가의 꿈을 실현하세요!

나만의 컬렉터 카 숍을 오픈하고 세계적인 성공을 거두세요. 자동차 애호가들을 맞이하고 희귀하고 특별한 모델을 찾을 수 있도록 도와주세요. 팬들이 내 집처럼 편안하게 느낄 수 있는 공간을 만들어 보세요!

상점을 업그레이드하고 스타일링하세요. 단순한 상점을 수집가들을 위한 멋진 공간으로 꾸며보세요.

모든 것을 체계적으로 정리하고 스마트한 기능을 추가하여 쇼핑을 더 쉽게 하세요. 자동차를 구매, 거래, 전시할 수 있는 구역을 만들어 보세요. 레이스를 위한 공간을 추가하고 최고가 승리하도록 하세요!

숨겨진 보석을 찾아 열성적인 고객에게 판매하세요. 희귀한 자동차를 찾아 컬렉션을 완성하세요!

Cross-Save:
PlayStation®4 버전에서 세이브 게임을 가져와서 PlayStation®5에서 언제든 중단한 부분을 다시 시작하세요!

NOSTRA.GAMES 팀의 새롭고 재미있는 게임을 확인해 보세요.

최고의 컬렉터 카 딜러가 되어 세계적으로 유명한 상점을 건설하세요!",Collectible Cars Shop Simulator,NOSTRA GAMES LTD,https://image.api.playstation.com/vulcan/ap/rnd/202501/2815/db76d79eec31a5d4957a0bbdd798d28171a6e115e5da5d25.jpg?w=1920,"시뮬레이터, 시뮬레이션",playstation
Dagger Froggy,https://store.playstation.com/ko-kr/concept/10014042,2025-04-02,https://image.api.playstation.com/vulcan/ap/rnd/202502/2608/bf1642af2e38045c604748b2fa4d7f70e3f4b1b2b3657adb.png?w=1920,"개구리가 영웅이라고요? 그렇습니다. 톱다운 서바이벌 액션 게임 Dagger Froggy에서 당돌한 픽셀 아트 양서류가 되어 당신을 잡아먹으려고 달려드는 크리처 무리를 물리치세요. 잔디가 펼쳐진 들판, 으스스한 공동묘지, 사막 등, 다양한 스테이지에서 적을 처치하고, 쓰러진 적이 흘린 코인을 모아 개구리에게 필요한 영구 업그레이드를 구매하세요.

다양한 버프 중에서 적당한 버프를 전략적으로 고르고 코인을 써서 고유의 장비와 무기를 보유한 최대 15마리의 개구리를 잠금 해제하세요. 이동 속도를 높이고, 무기 화력을 최대치로 끌어올리고, 다른 강화를 활용하세요. 영구 업그레이드를 획득하면 어려운 스테이지에 추가로 도전할 수 있게 됩니다. 과연 당신은 이 모든 스테이지에서 끝까지 살아남을 수 있을까요?

• 톱다운 픽셀 아트 아레나에서 적의 무리를 물리치세요!
• 스테이지 사이사이에 영구 업그레이드를 구매하세요.
• 다양한 즉석 버프 중에서 적절한 것을 선택해서 생존 확률을 높이세요!
• 클리어한 레벨을 언제든지 다시 플레이해서 실력을 키우세요.
• 새로운 플레이 캐릭터와 테마 스테이지를 잠금 해제하세요!",Dagger Froggy,eastasiasoft,https://image.api.playstation.com/vulcan/ap/rnd/202502/2608/bf1642af2e38045c604748b2fa4d7f70e3f4b1b2b3657adb.png?w=1920,"액션, 슈팅",playstation
EDENS ZERO,https://store.playstation.com/ko-kr/concept/10012148,2025-07-15,https://image.api.playstation.com/vulcan/ap/rnd/202410/1111/da1af623900ac890db8d5561ffb63a7d826ed76f455af91e.png?w=1920,"【예약 특전】
게임 'EDENS ZERO' 예약 구매자 특전입니다.

●피노 의상 '헌터 폼'
게임 중 채취/채굴을 통해 더 많은 아이템 발견이 가능한 피노의 의상 '헌터 폼'을 얻을 수 있는 퀘스트가 추가됩니다.
●액세서리 '엘시 해적기'
달고 다니면 엘시 해적단이 된 기분이 들어요! 등 액세서리 '엘시 해적기'를 얻을 수 있는 퀘스트가 추가됩니다.
※게임 진행을 통해 '탐색 모드'로 방문할 수 있는 길드 '유성의 등불'의 '길드 퀘스트'에 'DLC 아이템을 얻을 수 있는 퀘스트'가 추가됩니다.


“RAVE”, “FAIRY TAIL”의 원작자 마시마 히로 작가의 주인공 시키와 동료들이 우주를 누비면서 모험을 펼치는 모험을 그린 왕도 스페이스 판타지/만화 애니메이션 “EDENS ZERO”를 원작으로 만들어진 3D 액션 롤플레잉 게임.
마시마 히로 작가 및 코단샤의 게임 감수!

■재현성 높은 애니메이션풍 3D 그래픽으로 원작을 생생하게 체험!
“EDENS ZERO”의 매력적인 캐릭터들과 작품 속 세계를 재현도가 뛰어난 애니메이션풍 3D 그래픽으로 표현했다.
인기 성우들의 목소리가 수록된 풍부한 컷신과 다양한 종류의 여러 행성 필드를 플레이어가 직접 모험할 수 있다.
즐거움과 감동이 넘치는 원작 스토리를 생생하게 체험하자!

■8명의 인기 캐릭터를 내 손으로 조작!
시키, 레베카, 와이즈, 호무라를 비롯해서 에테르 기어로 불리는 특수한 능력을 구사하는 8명의 캐릭터를 조작해 강력한 적 캐릭터들과의 격렬한 싸움에서 승리를 거두자!
플레이어블 캐릭터들은 게임을 진행하면서 점차 동료가 된다.
근접 격투형, 원거리 사격형, 무기 공격형, 마법 공격형 등 액션 특성이 각각 다르니 상황에 맞게 캐릭터를 교체하거나 자신 있는 타입의 캐릭터를 찾아서 게임을 즐기자!

■풍성한 게임 오리지널 콘텐츠로 알차게 즐길 수 있는 게임 플레이 요소들!
원작을 생생하게 체험하는 것만이 아니라, 이 게임에서만 경험할 수 있는 오리지널 스토리와 퀘스트를 다수 수록했다!
시키와 동료들이 소속된 모험자 길드의 본거지인 행성 블루가든을 재현한 드넓은 오픈 필드를 무대로 약 200개 이상의 퀘스트가 존재하며, 원작 팬들은 물론 깊은 게임 플레이 요소를 원하는 게이머들도 대만족할 볼륨으로 구성되어 있다.
심지어 그 인기작과 콜라보까지…!?

■다양한 캐릭터 커스터마이즈 요소!
700개 이상의 장비 아이템으로 능력치뿐만 아니라 외관까지 변화한다. 좋아하는 캐릭터를 나만의 취향대로 커스터마이즈하자!
외관만 변경하는 기능이 있어 마음에 드는 외관을 유지한 채 원하는 성능으로 게임 플레이가 가능하다.
이와 같은 장비 아이템은 게임을 진행하면서 수집할 수 있다.
또한 능력치나 외관뿐만 아니라 각 캐릭터의 에테르 기어 스킬을 해방하여 액션 자체도 더 멋지게 강화할 수 있다!

■그 밖에도 거점인 우주전함 EDENS ZERO의 기능 확장이나 크루 스카우트 등 다양한 즐길 거리가 가득!
게임의 거점인 우주전함 EDENS ZERO에는 아이템을 매매하거나 장비를 강화하고 버프 아이템인 요리를 만드는 등 다양한 기능을 갖춘 시설이 존재한다.
게임 속에서 만나는 적을 포함한 많은 캐릭터들은 조건을 만족하면 크루로 스카우트할 수 있고, 크루가 많아질수록 거점이 갖춘 기능도 점차 다양해진다.
또한 거점에서는 원작 내용에는 없는 캐릭터들 간의 유쾌한 대화도 다양하게 많이 감상할 수 있다!",EDENS ZERO,KONAMI DIGITAL ENTERTAINMENT,https://image.api.playstation.com/vulcan/ap/rnd/202410/1111/da1af623900ac890db8d5561ffb63a7d826ed76f455af91e.png?w=1920,"롤플레잉 게임, 액션",playstation
Hegzis,https://store.playstation.com/ko-kr/concept/10013374,2025-04-23,https://image.api.playstation.com/vulcan/ap/rnd/202503/0607/969438a3464204bcaf53de15537c8d659e9d33bf7b6fcd09.png?w=1920,"다채로운 색감의 2D 스타일로 구현된 차분한 육각형 그리드 퍼즐 게임, Hegzis의 독특한 도전 과제를 통해 자기 두뇌 능력을 시험하세요! 평화로운 해변, 속삭이는 숲 등에서 스테이지 하나를 선택하고, 각 세계에 펼쳐진 다수의 레벨을 진행하세요. 육각형이 연결되어 만들어진 피스를 배치하여 방향에 상관없이 한 줄을 만들면 됩니다.

피스를 돌리면서 끝까지 줄을 채우면, 채워진 육각형 줄은 사라지고 점수가 올라갑니다. 하지만 막히지 않게 조심하세요! 특수 도구를 사용해서 틈을 메우거나 원치 않는 육각형을 지워 공간을 확보하세요. 몇 수 앞을 보고 효율적으로 육각형을 배치하면 더 큰 보너스를 받게 될 것입니다. 새로운 스테이지를 잠금 해제하거나, 이미 클리어한 스테이지로 돌아가서 더 높은 점수에 도전하세요!

• 육각형 그리드에 퍼즐 피스를 배치해야 하는 다채로운 색깔의 스테이지를 즐기세요.
• 모든 방향으로 줄을 지워서 새 피스가 들어갈 공간을 확보하세요.
• 피스를 돌려서 적절한 육각형 공간에 채워 넣으세요!
• 특수 도구를 사용해서 원치 않는 육각형을 지우세요.
• 진행하면서 새로운 테마 스테이지를 잠금 해제하세요!",Hegzis,eastasiasoft,https://image.api.playstation.com/vulcan/ap/rnd/202503/0607/969438a3464204bcaf53de15537c8d659e9d33bf7b6fcd09.png?w=1920,"캐주얼, 퍼즐, 가족",playstation
HordeCore,https://store.playstation.com/ko-kr/concept/10008656,2025-04-10,https://image.api.playstation.com/vulcan/ap/rnd/202306/0712/520c19f2729228c230dba775f9dcbe9b67d8283438499213.jpg?w=1920,"HordeCore는 포스트 아포칼립스 세계를 무대로 한 강렬한 액션 사이드 스크롤러입니다

끊임없이 팽창하는 생존자 집단의 리더가 되십시오. 공급물품을 관리하고, 팀을 업그레이드하며, 치명적인 기계장치들을 만들어 스스로를 방어하십시오! 잊지 마십시오. 이 혹독한 신세계에서 살아남기 위해 탐험은 필수입니다. 기이한 연합을 구성할 준비를 하고, 황무지에서 수많은 위험에 맞닥뜨리십시오. 서비이벌 게임플레이를 하고, 기지 관리와 결합하고, RPG 요소를 더하며, 완전 수집 카드 게임으로 재미를 더합니다. HordeCore를 얻었습니다!


좀비 감염이 창궐한 아포칼립스 세계의 역경 속에서 살아 남으세요!
안전한 팀의 안식처를 업그레이드하고 보호하세요!

무작위 생성되는 환경을 거치며 광활한 황무지를 탐험하세요!
끝없이 몰아치는 언데드와 살아있는 위협들에 맞서 전쟁을 벌이세요!

희귀한 재료들을 모으고 수집하고 놀라운 무기들을 제작하세요!
친구들과 팀을 이루고 협동 모드로 HordeCore 세계를 맞닥뜨리세요!


고유한 생존자들을 모으고 아포칼립스를 견디며 강건해진 캐릭터들로 팀을 이루어 여러분의 뇌를 간식 삼아 먹는 엄청난 수의 언데드들과 맞서 싸우세요.
기지를 안전하게 지키고 방어를 강화하는 동시에 생존을 위해 끊임없이 싸우도록 명령할 수 있는 거친 커뮤니티를 성장시키세요.
공급물품을 찾아 황무지를 탐험하세요. HordeCore의 좀비로 뒤덮인 아포칼립스 세계에서 예상하지 못한 위험에 직면하세요!


HordeCore는 직접 할 수 있는 좀비 킬링과 전리품 수집과 더불어 완전한 카드 수집 게임을 포함합니다!

Horde Tactics는 덱 빌딩 카드 게임으로 황무지에 있는 동안 수집하고 잠금 해제할 수 있는 60장 이상의 카드를 선보입니다. 각 카드는 게임에서 발견하는 아이템, 캐릭터 또는 호델링을 나타냅니다. 이러한 방식으로 수집품이 HordeCore 진행과 함께 점차 증가합니다!

Horde Tactics 특징:
-손쉬운 게임플레이
-60장 이상의 카드 이용 가능
-시너지 콤보 구성으로 덱 강화
-가장 좋은 특징은... 전부 다 선택에 따라 달라진다는 점입니다!

HordeCore는 포스트 아포칼립스 세계를 무대로 한 강렬한 사이드 스크롤링 슈터입니다. 1인이나 팀으로 플레이하세요. 파괴하고, 살아남고, 제작하고, 탐험하세요!",HordeCore,Wild Kid Games,https://image.api.playstation.com/vulcan/ap/rnd/202306/0712/520c19f2729228c230dba775f9dcbe9b67d8283438499213.jpg?w=1920,아케이드,playstation
I,https://store.playstation.com/ko-kr/concept/10012198,2025-04-17,https://image.api.playstation.com/vulcan/ap/rnd/202502/0320/e58a83fd5aff70dc7e8a3b3ded03a4f386def1739377b071.jpg?w=1920,"Jeff Minter가 1980년대 Atari 아케이드 게임 I, Robot을 새롭게 재해석한 버전을 들고 돌아왔습니다. 개성 넘치는 고전 아케이드 게임이 Minter 특유의 다양한 색상과 형태와 사운드의 향연으로 재탄생해 새로운 도전거리와 반전과 라마떼를 선사합니다.

I, Robot의 설정은 단순합니다. 황소 머리 로봇을 조종해 섭리의 눈을 물리치는 것입니다. 우선, 밟으면 뒤집히는 타일을 모두 밟아야 합니다. 눈이 떠진 상태에서 점프하면 순식간에 광선을 맞고 나가떨어지니 조심하세요. 타일 부분을 넘어가면 튜브 형태의 길을 달리면서 앞을 가로막는 온갖 형태의 적을 쏘아 맞혀야 합니다. 이 모든 게 Minter의 만화경 같은 비주얼의 3D 공간에서 이루어집니다.

무시무시한 적의 공세에 맞서야 하는 까다로운 아레나 레벨도 Minter가 정성스레 준비했으니 방심은 금물입니다.

Llamasoft의 게임다운 비주얼 요소가 풍부합니다. 게임을 진행할수록 웅장해지는 음악과 함께 온갖 색채가 눈앞에 펼쳐집니다. 아케이드 액션을 충분히 즐겼다 싶으면 언게임을 통해 내면의 Jeff Minter를 일깨워 게임의 모든 그래픽 및 사운드 요소를 가지고 놀아볼 수도 있습니다.

특징

- 저마다 다른 도전거리가 있는 55개의 레벨
- 레벨을 넘어갈 때마다 즐기는, 매번 다른 튜브 슈터 보너스 스테이지
- Llamasoft 특유의 강렬한 비주얼
- 점수를 쌓을수록 절차적으로 웅장해지는 음악
- 순위를 올려서 자랑할 수 있는 온라인 순위표","I, Robot",ATARI,https://image.api.playstation.com/vulcan/ap/rnd/202502/0320/e58a83fd5aff70dc7e8a3b3ded03a4f386def1739377b071.jpg?w=1920,"아케이드, 퍼즐",playstation
Moe Waifu H Push-Box,https://store.playstation.com/ko-kr/concept/10014356,2025-05-09,https://image.api.playstation.com/vulcan/ap/rnd/202503/1108/d95e0f7c89c6b07e9017b457e4d57e8e359c20424ffdcb25.png?w=1920,"이토록 매혹적인 블록 퍼즐을 보신 적이 있으세요? Moe Waifu H Push-Box에서 당신의 문제 해결 능력을 테스트하고 결과에 따라 보상을 제공하는 5명의 여자 친구들을 만나 보세요. 다채로운 계절 테마의 톱다운 스타일 스테이지에서 상자를 밀어서 지정된 타일로 옮기세요.

15개의 스테이지와 더불어, 게임을 진행하면서 갤러리 이미지와 주크박스 사운드를 잠금 해제할 수도 있습니다. 좋아하는 와이푸와 함께 이처럼 다양한 콘텐츠를 즐기고 오붓한 시간을 보내세요!

• 15개의 독특한 두뇌 퍼즐 스테이지를 즐기세요!
• 상자를 밀어서 빛나는 타일 위로 조심스럽게 정리하세요.
• 점점 더 복잡해지는 새로운 계절 테마 레벨을 잠금 해제하세요!
• 5명의 사랑스러운 친구 캐릭터들을 만나고 당신의 지적 능력으로 그들의 마음을 사로잡으세요!
• 시간 내에 퍼즐을 해결하고, 레벨을 다시 시작할 수 있게 해주는 번개를 전략적으로 사용하세요.
• 주크박스 사운드를 획득하고 갤러리에 새로운 이미지를 채우세요!",Moe Waifu H Push-Box,eastasiasoft,https://image.api.playstation.com/vulcan/ap/rnd/202503/1108/d95e0f7c89c6b07e9017b457e4d57e8e359c20424ffdcb25.png?w=1920,"퍼즐, 캐주얼, 성인",playstation
Monument Valley,https://store.playstation.com/ko-kr/concept/10013172,2025-04-15,https://image.api.playstation.com/vulcan/ap/rnd/202502/1711/0c3901b4f811d5867d2bcd5be747459c11fa0cf1c7e2d1b2.jpg?w=1920,"불가능한 아름다움을 향한 여정

수상 경력을 자랑하는 퍼즐 게임 Monument Valley에서 현실을 거스르는 건축물과 함께 꿈같은 모험을 떠나 보세요. 아이다 공주를 이끌며 초현실적 기념물 속 숨겨진 길과, 인지 능력을 시험하는 착시 현상을 발견하세요.

불가능이 가능해지는 세계가 펼쳐집니다. Monument Valley에서는 침묵의 공주 아이다를 이끌며 숨막히게 아름다운 풍경, 구불구불한 계단, 끊임없이 변화하는 기념물을 둘러볼 수 있습니다. 미니멀리즘 디자인, 고대 건축물, 아찔할 정도로 상식을 뛰어넘는 기하학에서 영감을 받은 퍼즐 하나하나가 예술 작품이나 다름없습니다.

주변 환경을 조작하여 숨겨진 길을 찾아내고, 수수께끼 같은 까마귀 종족의 허를 찌르며, 신성한 기하학의 비밀을 밝혀내세요. 직관적인 조작, 몰입감 넘치는 사운드트랙, 생동감 넘치는 비주얼을 갖춘 Monument Valley는 어떤 플레이어에게든 특별한 경험을 선사합니다.


특징:

- 상식을 뛰어넘는 퍼즐: 세계를 회전하고, 이동하고, 재구성하여 새로운 길을 찾아내세요.

- 아름다운 비주얼: 전 세계의 고대 건축물과 착시 현상에서 영감을 받은 디자인으로 가득합니다.

- 몰입감 넘치는 사운드: 움직임에 반응해 매 순간을 풍성하게 해주는 개인 맞춤형 사운드트랙이 함께합니다.

- 완전판: Forgotten Shores 확장팩이 포함되어 전체 여정을 온전히 즐길 수 있습니다.

아이다가 용서를 구하는 여정을 이끌어 주시겠어요? Monument Valley가 전 세계 수백만 플레이어의 마음을 사로잡은 이유를 직접 확인해 보세요!

ustwo games는 자랑스러운 독립 개발사로, 수상 경력에 빛나는 Monument Valley 시리즈, Land’s End, Assemble with Care, Alba: A Wildlife Adventure로 가장 잘 알려져 있습니다.",Monument Valley,ustwo games limited,https://image.api.playstation.com/vulcan/ap/rnd/202502/1711/0c3901b4f811d5867d2bcd5be747459c11fa0cf1c7e2d1b2.jpg?w=1920,퍼즐,playstation
Moving Houses,https://store.playstation.com/ko-kr/concept/10012618,2025-04-16,https://image.api.playstation.com/vulcan/ap/rnd/202503/0809/960c9b9c8e835e6de5ffba0961521834f749a49a433c565e.png?w=1920,"누구나 일생의 한 번쯤은 정든 집을 뒤로하고 새로운 집으로 이사 가는 순간을 맞이합니다. 정말 떠나고 싶든 말든 Moving Houses에서는 이제 여러분이 이사할 차례입니다. 바쁘게 이삿짐 박스를 옮기면서 마주하게 되는 다양한 물리 기반 시뮬레이션을 즐기며, 캐주얼하고 편안한 게임 플레이와 이사 작업을 하나씩 완수할 때마다 느껴지는 즉각적인 만족감에 푹 빠져 보세요. 깔끔한 방식으로 조심스럽게 포장하거나, 주변을 온통 혼돈의 도가니로 만들어 보세요. 선택은 본인 몫입니다!1인칭 시점으로 이동하면서 가구, 화분, 그림 등을 집어 이삿짐 트럭에 조심스럽게(또는 마구잡이로) 싣고 진행해야 할 중요한 작업 체크리스트를 하나씩 해치우세요. 달리고, 점프하고, 물체를 차고, 떨어뜨리고, 던지세요! 하지만 이 조용한 작은 집에서는 모든 것이 보이는 것과 다르니 주의하세요. 이삿짐을 싸는 단조로운 일상의 이면에 섬뜩한 미스터리가 숨어 있을 수 있습니다.

특징:

• 달리고, 점프하고, 물체를 차고, 떨어뜨리고, 던지세요!
• 이삿짐 트럭에 물품을 싣고 진행해야 할 일련의 포장 작업을 하나씩 완료하세요.
• 기발함이 깃든 물리 기반 혼돈 속에서 독특한 재미를 찾아보세요!
• 1인칭 시점에서 자유롭게 집 안 곳곳을 둘러보세요.
• 이사의 직접적 이유일 수도, 아닐 수도 있는 근본적인 미스터리를 밝혀내세요!",Moving Houses,eastasiasoft,https://image.api.playstation.com/vulcan/ap/rnd/202503/0809/960c9b9c8e835e6de5ffba0961521834f749a49a433c565e.png?w=1920,"시뮬레이션, 공포, 어드벤처",playstation
Promise Mascot Agency,https://store.playstation.com/ko-kr/concept/10008195,2025-04-11,https://image.api.playstation.com/vulcan/ap/rnd/202404/2208/5ce09987790d86aa2b7c8aad40c2e5e664dbd4915450dbb9.png?w=1920,"Paradise Killer의 개발진이 세계 최초이자 최고의 오픈 월드 마스코트 관리 범죄 드라마 게임, Promise Mascot Agency를 선보입니다.

범죄! 드라마! 음모! 미치에게 무슨 일이 일어난 걸까요?

명예가 실추된 야쿠자 간부 미치는 파산한 마스코트 대행사를 수익성 높은 기업으로 탈바꿈해야 한다며 저주받은 마을로 추방되었습니다. 과연 미치는 새로운 삶에 적응하고, 사업을 성공시키고, 이 추방에 얽힌 음모를 파헤칠 수 있을까요? 마스코트인 부관리자 핑키가 미치를 도와줄 것입니다.

새로운 터전을 탐험하세요! 사랑스러운 케이 트럭에는 어떤 비밀이 숨겨져 있을까요?

허름하지만 개조 가능한 트럭을 타고 미치의 새로운 터전인 카소마치를 탐험하세요. 이 잊혀진 일본 마을에서는 다양한 경험을 할 수 있습니다. 새로운 친구를 사귀고, 수집 요소를 찾거나 파괴하고, 다른 기업과 협업하고, 무엇보다도 다양한 마스코트를 영입할 수 있죠.

살아 숨쉬는 괴상한 생명체인 마스코트들과 친구가 될 수 있을까요?

누구나 알듯이, 마스코트는 역사가 시작된 이래 늘 인류와 공존해 온 생명체입니다. 마스코트는 저마다 희망, 꿈, 갈망을 가지고 있으며, 마스코트를 영입하기 위해서는 협상을 진행해야 합니다. 돈을 원하는 마스코트도 있고, 명성을 노리는 마스코트도 있고, 인근 편의점에서 파는 주먹밥을 원하는 마스코트도 있고, 온 세상이 영광스러운 지옥불 속에서 잿더미가 되기를 바라는 마스코트도 있죠. 여러분의 마음에 가장 드는 마스코트는 과연 누가 될까요?

조심하세요, 마스코트들! 일을 성공적으로 마칠 수 있을까요?

영입한 마스코트는 훈련시킨 후 다양한 업무에 파견해 돈과 경험치를 얻고 '약속 마스코트 대행사'의 명성을 널리 퍼뜨릴 수 있습니다! 물론, 업무가 늘 계획대로 흘러지는 않습니다. 좁은 문, 주방에서의 화재, 끔찍한 악몽의 괴물들까지 사방에 위험이 도사리고 있죠.

영웅 카드는 카소마치에서 지내며 만나는 다양한 캐릭터를 나타냅니다. 영웅 카드를 사용해 위험에 처한 직원을 도우세요. 카드를 전략적으로 사용하면 여러분의 마스코트는 그 어떤 시련도 극복할 수 있을 뿐만 아니라, 사람들의 마음, 정신 그리고 두둑한 보수까지 손에 넣을 수 있을 것입니다.

미치, 핑키, 화이팅! 수수께끼를 풀고 모든 마스코트들을 위한 터전을 가꾸세요!

이 제품은 귀하의 현지 언어를 지원하지 않습니다. 구매 전 지원되는 언어 목록을 확인해주세요.",Promise Mascot Agency,KAIZEN GAME WORKS LIMITED,https://image.api.playstation.com/vulcan/ap/rnd/202404/2208/5ce09987790d86aa2b7c8aad40c2e5e664dbd4915450dbb9.png?w=1920,"어드벤처, 시뮬레이션, 롤플레잉 게임",playstation
Puzzle Wars,https://store.playstation.com/ko-kr/concept/10014317,2025-04-11,https://image.api.playstation.com/vulcan/ap/rnd/202503/1813/657f15712c2843743cf70786ed41059eec45fa7f5f57b574.jpg?w=1920,"전장을 퍼즐처럼 생각하고 움직임을 계산하고 올바른 전술을 선택하여 승리하세요. 전투에 맞서세요!

명령을 내리고 전장에서 병사들을 움직여 다양한 공격 방향을 제어하세요. 두뇌를 사용해 위험에 맞서세요. 적들은 후퇴할 수 없지만 여러분은 후퇴할 수 있습니다. 후퇴하여 승리할 수 있으며, 상황에 따라 다양한 전술이 적용됩니다. 주도권을 잡고 공격하세요!

기회를 잡고 내 영토를 보호하는 것뿐만 아니라 모든 적을 공격하고 파괴하세요. 자비를 베풀지 마세요. 전투를 시작하는 것은 그들의 선택입니다.

Cross-Save:
PlayStation®4 버전에서 세이브 게임을 가져와서 언제든 PlayStation®5에서 중단한 부분을 다시 시작하세요!

NOSTRA.GAMES 팀의 새롭고 재미있는 게임을 확인해 보세요.

승리를 향해 가자!",Puzzle Wars,NOSTRA GAMES LTD,https://image.api.playstation.com/vulcan/ap/rnd/202503/1813/657f15712c2843743cf70786ed41059eec45fa7f5f57b574.jpg?w=1920,캐주얼,playstation
Race Track Maniacs,https://store.playstation.com/ko-kr/concept/10014177,2025-04-04,https://image.api.playstation.com/vulcan/ap/rnd/202502/0617/04ddea3c7c27aa30e924b2ee5a00c3ff29d22518a003958f.jpg?w=1920,"전에 없던 레이싱을 경험하세요! 최고의 트랙을 질주하면서 아드레날린을 느끼고 모든 턴과 직선 구간을 정확하게 마스터하세요. 속도만이 중요한 것이 아니라 컨트롤과 전략이 중요합니다.

급커브를 탐색하고, 한계를 뛰어넘고, 고속 경쟁의 박진감을 느껴보세요. 경마장은 여러분의 놀이터입니다. 경마장을 정복하고 소유하여 진정한 레이싱 챔피언이 되세요!

Cross-Save:
PlayStation®4 버전에서 세이브 게임을 불러오기만 하면 언제든 PlayStation®5에서 중단한 부분을 다시 플레이할 수 있습니다!

NOSTRA.GAMES 팀의 새롭고 재미있는 게임을 확인해 보세요.

페달을 밟고 두려움 없이 달려보세요!",Race Track Maniacs,NOSTRA GAMES LTD,https://image.api.playstation.com/vulcan/ap/rnd/202502/0617/04ddea3c7c27aa30e924b2ee5a00c3ff29d22518a003958f.jpg?w=1920,캐주얼,playstation
Rusty Rabbit,https://store.playstation.com/ko-kr/concept/10008988,2025-04-17,https://image.api.playstation.com/vulcan/ap/rnd/202309/1307/db73da8cc436db61d078288e7ddc965b198b206106d283e1.jpg?w=1920,"지금 사전주문하고 최대 3일 일찍 게임을 플레이하세요!


""귀여운 토끼라고? …과연 그럴까.""

인류가 빙하에 뒤덮인 지구를 떠난 지도 벌써 오랜 시간이 흘렀습니다. 이제 지구는… 토끼가 지배합니다!
인류가 지상에서 자취를 감추었습니다. 토끼들은 인류를 '거인'이라고 불렀으며, 인간이 남기고 간 거대한 폐허를 '굴뚝산'이라고 부르며 신성하게 여겼습니다. 그 성지를 어지럽히고 채굴하는 이들을 '러스트 디거'라고 합니다. 주인공 스탬프는 연배가 있는 토끼로, 굴뚝산에서 러스트 디거 일을 하며 살고 있었습니다.
그러던 어느 날. 스탬프는 굴뚝산에서 탐색을 끝내고 돌아오는 길에 'BB단'이라는 러스트 디거 팀과 마주치고, 의도치 않게 굴뚝산 심장부까지 파고드는 여정을 함께하게 됩니다.
그 과정에서 스탬프는 폐허 여기저기에 흩어진 고대 정보 기록 기계 '디탐'을 발견합니다. 디탐 안에는 스탬프의 잃어버린 딸이 남긴 것으로 보이는 기록이 있었습니다. 그 기록은 딸에게 닥친 위기를 암시하는 한편, 스탬프가 여태까지 믿었던 세계의 감춰진 진실을 서서히 드러냅니다.
수많은 수수께끼를 풀고 딸의 행방을 쫓기 위해, 스탬프는 폐허 깊숙한 곳으로 여정을 떠납니다…


수수께끼투성이 설정 -
스릴과 수수께끼로 가득한 커다란 폐허를 상하좌우로 끊임없이 파고 들어가는 짜릿한 액션!

미로 같은 폐허를 ""스매시 앤 대시""로 뚫고 나가세요! –
닌자처럼 빠른 속도와 기동성을 지닌 로봇으로 블록을 파괴해 나가며 탐험을 진행하세요. 이 앞에는 어떤 보물이 기다리고 있을까요?

RPG 스타일의 진행과 커스터마이징 –
폐허에서 모은 부품과 재료로 로봇을 업그레이드하세요! 보물을 지키는 적과 치열한 전투를 벌이며 기술을 향상시킬 수 있습니다!",Rusty Rabbit,NETEASE INTERACTIVE ENTERTAINMENT PTE.LTD,https://image.api.playstation.com/vulcan/ap/rnd/202309/1307/db73da8cc436db61d078288e7ddc965b198b206106d283e1.jpg?w=1920,액션,playstation
Secrets In Green,https://store.playstation.com/ko-kr/concept/10014268,2025-04-09,https://image.api.playstation.com/vulcan/ap/rnd/202503/0408/ff6304866fc20d88ec727c071f2596fdf5594f015bfd4974.png?w=1920,"얼마 전까지 안타까운 정신질환을 앓았던 알마는 전원 지역의 작은 집으로 보내져 무성하게 자란 정원을 가꾸며 평화로운 시간을 보내고 있었습니다. 그런데 울타리를 따라 뻗어나가는 커다란 담쟁이덩굴을 감탄하며 바라보고 있던 알마는 나뭇잎 위에 '안녕'이라는 단어 하나가 적혀 있는 것을 발견합니다. 알마의 아버지와 간병인은 알마의 히스테리로 인해 나타난 환각 증상으로 치부해 버립니다.

하지만 이제부터 알마는 남성이 지배하는 빅토리아 시대 영국에서 자신의 목소리를 내고 존중을 받기 위해 힘겨운 싸움을 시작해야 합니다. 알마가 너무 늦기 전에 자신의 힘을 찾고 이 위험한 미스터리를 풀 수 있도록 도와주실 수 있나요?

• 아름다운 배경 삽화와 풍부한 감정을 담은 인물 초상을 감상하세요!
• 정신 건강과 여성 힘을 다룬 깊은 이야기 속에 빠져보세요.
• 빅토리아 시대 영국을 바탕으로 구현된 섬세한 세계를 발견하세요!
• 중요한 선택을 하고 다수의 결말을 경험하세요.
• 14,000단어에 달하는 이야기와 영감을 자아내는 오리지널 사운드트랙에 푹 빠져보세요!",Secrets In Green,eastasiasoft,https://image.api.playstation.com/vulcan/ap/rnd/202503/0408/ff6304866fc20d88ec727c071f2596fdf5594f015bfd4974.png?w=1920,"유니크, 어드벤처, 어드벤처",playstation
Star Archer,https://store.playstation.com/ko-kr/concept/10014650,2025-04-03,https://image.api.playstation.com/vulcan/ap/rnd/202503/1013/0ab2b1c480b70375de6306e02493b34c5271924a9fae56d8.png?w=1920,"스타 아처는 다가오는 별을 격추하는 임무를 맡은 궁수를 조종하는 아케이드 게임입니다. 이 별들은 점점 더 가까이 다가오며, 그 중 하나라도 접촉하면 게임이 종료됩니다. 목표는 가능한 한 오래 살아남아 최대한 많은 별을 격추하여 최고 점수를 달성하는 것입니다. 별들이 당신을 압도하기 전에 얼마나 오래 버틸 수 있을까요?",Star Archer,Aristo Studio s.r.o.,https://image.api.playstation.com/vulcan/ap/rnd/202503/1013/0ab2b1c480b70375de6306e02493b34c5271924a9fae56d8.png?w=1920,아케이드,playstation
Sunderfolk,https://store.playstation.com/ko-kr/concept/10010574,2025-04-24,https://image.api.playstation.com/vulcan/ap/rnd/202410/1003/75df0bbf26571d08e30b76fa7d96b88745238cd7f8a2ff94.png?w=1920,"Sunderfolk를 플레이하려면 무료 스마트폰 혹은 태블릿 앱이 필요합니다. 아래에 더 자세한 내용이 있습니다.

Sunderfolk™는 모바일 기기를 컨트롤러*로 사용하는 새로운 턴제 전술 RPG 어드벤처입니다. 이 게임은 친구들과 함께 테이블톱 RPG 테이블에 둘러앉아 게임을 즐기는 것에서 영감을 받아, 로컬 협동 플레이를 염두에 두고 개발되었습니다. 최대 4명의 플레이어가 함께 마법으로 가득한 위험천만한 Sunderlands를 모험하며 플레이할 수 있습니다.
*게임을 플레이하려면 무료 모바일 앱이 필요합니다.

각 플레이어는 6가지 직업(Arcanist, Bard, Berserker, Pyromancer, Ranger, Rogue) 중 하나를 선택하고, 함께 선더랜드로 모험을 떠나 턴제 전술 전투를 펼치게 됩니다. 전투 중에는 플레이어 턴 순서가 정해져 있지 않아서 전장의 상황에 따라 순식간에 전략을 수정할 수 있습니다. 턴마다 새로운 적이 등장하기 때문에, 각 임무에 가장 적합한 방법을 찾는 것은 파티원들의 몫입니다.

플레이어는 임무 사이에 Arden으로 돌아와 마을을 개선하는 것을 도와주게 됩니다. 다양한 지역 상인을 잠금 해제 및 업그레이드하고, 다른 Sunderfolk와 관계를 맺어 보상을 얻고, 새로운 스킬과 무기, 장신구 등으로 캐릭터를 꾸며 보세요.

Arden의 영웅으로서, 여러분의 목표는 Shadowstone의 타락으로부터 마을과 Brightshard를 보호하고, Sunderlands를 둘러싼 위협을 제거하는 것입니다.

새로운 방식의 로컬 협동 게임
모험은 함께할수록 더 재밌죠. 이 새로운 전술 RPG 어드벤처에서는 휴대폰을 컨트롤러로 사용해 최대 4명의 플레이어가 함께 플레이할 수 있습니다.

새로운 세계로 향하는 첫걸음
TV/모니터의 QR 코드를 스캔하면 Sunderfolk 무료 앱*(iOS 및 Android용)으로 이동해 휴대폰이나 태블릿을 컨트롤러, 손패, 룰북, 인벤토리 등으로 활용할 수 있습니다. 필요한 모든 정보를 손안에서 확인할 수 있기 때문에, 누구나 쉽게 게임을 배울 수 있습니다.

6명의 개성 넘치는 영웅
Sunderfolk에서는 전통적인 RPG 클래스를 새롭게 재해석했습니다. 각자 고유한 플레이 스타일을 지닌 Arcanist, Bard, Berserker, Pyromancer, Ranger, Rogue 중 하나로 플레이해 보세요. 스킬 카드로 캐릭터의 강점을 살리고, 장신구와 무기를 강화해 캐릭터의 빌드를 임무에 맞게 커스터마이즈하세요.

보드게임에서 영감을 받은 전술 전투
각 플레이어는 자신의 스킬 카드 중 선택해 캐릭터의 행동을 결정함으로써 한 번에 하나씩 턴을 진행합니다. 독특한 능력과 전략을 지닌 적들이 구석구석 숨어 있기 때문에, 파티원들은 미션마다 접근 방식을 바꿔야 합니다.

Arden 마을 재건
Arden 마을은 Brightstone으로 알려진 마법 물질의 잔해를 중심으로 건설됐지만, 마을 외곽 동굴에 있는 정체불명의 세력이 마을 사람들의 생활을 위협하기 시작했습니다. 임무 사이에 마을로 돌아와 상인을 업그레이드하고, 새로운 아이템과 장비를 획득하고, 마을 주민과 친구가 되어 추가 보상을 받으세요.",Sunderfolk,"Dreamhaven, Inc.",https://image.api.playstation.com/vulcan/ap/rnd/202410/1003/75df0bbf26571d08e30b76fa7d96b88745238cd7f8a2ff94.png?w=1920,롤플레잉 게임,playstation
Chippy's Stash,https://store.playstation.com/ko-kr/concept/10014460,2025-04-04,https://image.api.playstation.com/vulcan/ap/rnd/202503/1420/2d1c137d00913eb05ef9394543fb88e83b380d03546ee5aa.png?w=1920,"겨울이 다가오고 있어요! 숲에서 가장 영리한 다람쥐 치피가 소중한 도토리를 안전하게 숨길 수 있도록 도와주세요! Chippy’s Stash는 타일 기반 퍼즐 게임으로, 치피가 도토리를 속이 빈 나무 그루터기에 밀어 넣을 수 있도록 도와주면서 다양한 장애물을 극복해야 합니다. 이 과정에서 여러분의 지능과 전략이 시험될 것입니다.

각 레벨에서는 색다른 메커니즘이 추가되어 더욱 흥미로운 도전이 펼쳐집니다. 미끄러운 진흙 타일, 움직임을 바꾸는 쓰러진 나무, 그리고 도토리를 맵 곳곳으로 순간 이동시키는 굴까지 등장합니다!

세 가지 독특한 생태계를 탐험하며 점점 더 어려운 도전에 도전하세요.
🌿 봄 – 기본을 배우고 첫 퍼즐을 마스터하세요.
☀️ 여름 – 새로운 메커니즘과 더 넓은 맵으로 실력을 시험하세요.
🍂 가을 – 궁극의 도전! 모든 메커니즘이 결합되어 복잡하고 흥미로운 퍼즐을 만듭니다.

아기자기한 픽셀 아트와 쉬운 퍼즐부터 도전적인 퍼즐까지 다양한 난이도를 갖춘 Chippy’s Stash는 전략적인 두뇌 플레이를 즐기는 캐주얼 게이머에게 완벽한 게임입니다.

숲에는 뛰어난 전략가가 필요합니다—치피가 겨울을 준비할 수 있도록 도와줄 준비가 되셨나요? 🌰🐿️",Chippy's Stash,Afil Games,https://image.api.playstation.com/vulcan/ap/rnd/202503/1420/2d1c137d00913eb05ef9394543fb88e83b380d03546ee5aa.png?w=1920,"퍼즐, 전략",playstation
Bee Flowers: Royal Garden,https://store.playstation.com/ko-kr/concept/10014605,2025-04-03,https://image.api.playstation.com/vulcan/ap/rnd/202503/1420/5adeb1ec4e3fa5bae7ebe62e36e63020fd8b6b92e3a3a3a5.png?w=1920,"웅웅거리는 왕국에 발을 들여놓고 벌집의 지휘자가 되어 보세요! Bee Flowers Royal Garden에서 당신은 장엄한 여왕벌을 육각형 격자를 따라 안내하며, 일벌들이 꽃을 찾아 성공적으로 수분할 수 있도록 최적의 경로를 설계해야 합니다.

직관적이고 매력적인 게임 메커니즘을 통해 각 레벨은 당신의 논리력과 창의력을 시험하는 새로운 퍼즐을 제공합니다. 벌과 꽃을 연결하기 위해 타일을 회전시키고 재배치하며, 왕실 정원을 부드럽게 이동할 수 있도록 전략적으로 경로를 계획하세요. 하지만 조심하세요! 총 30개의 정교하게 설계된 레벨을 진행할수록 새로운 도전 과제가 등장하며, 적응력과 전략적 사고가 요구됩니다.

아름다운 비주얼과 편안한 사운드트랙 속에서 몰입감 있는 경험을 즐기며, 휴식과 도전의 완벽한 균형을 발견해 보세요. 🌿🐝",Bee Flowers: Royal Garden,Afil Games,https://image.api.playstation.com/vulcan/ap/rnd/202503/1420/5adeb1ec4e3fa5bae7ebe62e36e63020fd8b6b92e3a3a3a5.png?w=1920,"퍼즐, 캐주얼",playstation
Blue Prince,https://store.playstation.com/ko-kr/concept/10012002,2025-04-11,https://image.api.playstation.com/vulcan/ap/rnd/202502/1222/1268cdf388afbccb7acd8435e0b2787447b74a1e9125acec.jpg?w=1920,"살아 움직이는 방이 가득한 수수께끼의 저택, 홀리 산에 오신 것을 환영합니다. Blue Prince에서는 장르를 넘나들며 독특하게 뒤엉킨 수수께끼와 전략, 퍼즐이 가득하고 예측할 수 없는 여정을 경험할 수 있습니다. 저택을 탐험하며 옮기는 걸음이 소문으로만 존재하는 46번 방으로 이끌어 줄까요?

여정을 선택하세요
홀리 산에서는 닫힌 문 앞에 설 때마다 문 뒤에서 어떤 방이 나타날지 결정해야 하며, 이런 모든 결정이 저택을 탐험하는 당신의 길을 만들어 나갑니다. 모든 문이 각기 독특한 도전과 비밀이 담겨 있는 새롭고 짜릿한 방을 열어 줍니다. 하지만 방을 고를 때는 조심해야 합니다. 매일 저택의 설계는 초기화되고, 오늘 당신이 본 방이 내일도 같은 방일 거라는 보장은 없습니다.

한 걸음 한 걸음이 중요합니다
하루의 진행 상황은 당신이 선택하는 방과 그 안에서 찾아내는 도구에 따라 형성됩니다. 저택 깊은 곳으로 향하는 탐험에서는 게임 속 아이템을 여러 가지 창의적인 방식으로 이용하여 매일의 도전에 대응할 독특한 전략을 만들어 낼 수 있습니다. 하지만 신중하게 걸음을 옮겨야 합니다. 저택은 매일 새벽 초기화되어 모든 것이 사라지지만, 영지의 설계도에 남겨진 영구적인 업그레이드만은 그대로 남습니다. 물론 먼저 기지를 발휘해서 그런 업그레이드를 찾아내야 하겠죠!

역사적인 순간
홀리 산의 후계자인 당신은 끊임없이 움직이는 전당을 탐험하며 46번 방을 찾아야 합니다. 하지만 저택 깊은 곳으로 향하는 여정이 계속되면서, 단순히 사라진 방이 아니라 저택의 표면 아래에 도사린 수많은 비밀이 드러나기 시작합니다. 협박과 정치적인 음모, 현지 동화책 작가가 수상한 실종 사건 등의 날실로 엮인 과거를 조사해 보세요. 더 깊이 들어갈수록, 과거가 보기보다는 가까이 있다는 사실을 깨닫게 될 겁니다.",Blue Prince,RAW FURY,https://image.api.playstation.com/vulcan/ap/rnd/202502/1222/1268cdf388afbccb7acd8435e0b2787447b74a1e9125acec.jpg?w=1920,"어드벤처, 퍼즐",playstation
Deep Deep Deep Nightmare,https://store.playstation.com/ko-kr/concept/10012898,2025-04-23,https://image.api.playstation.com/vulcan/ap/rnd/202503/1420/86adbf4f7de15ff524c6144f810c008044de48a8681a7b07.jpg?w=1920,"딥 딥 딥 나이트메어는 2D 탑다운 슈팅 게임입니다. 한 소년이 밤에 너무 많이 먹으면 악몽을 꾼다는 엄마의 경고를 듣지 않았습니다. 이제 그는 괴물 무리에 맞서 악몽의 보스를 물리치고 탈출해야 합니다.

악몽 보스를 물리치세요
미니 보스와 악몽 보스를 상대하세요. 무기와 기술을 사용하여 각 전투에서 승리하세요.

몬스터 무리와 함정에서 살아남기
몬스터의 파도와 치명적인 함정을 견뎌내세요. 점점 더 어려워지는 레벨에서 실력을 시험해 보세요.

무기고를 선택하세요
다양한 무기와 주문으로 무기고를 구축하세요. 전략을 개인화하고 항상 다음 적에 대비하세요.

주요 특징
- 몬스터 무리와 함정에서 살아남기
- 여러 보스 전투
- 상점에서 무기와 주문을 획득하기 위해 영혼을 수집하십시오.
- 독특한 효과를 가진 무기와 주문
- 최대 4 개의 무기를 장착하여 적을 물리 치세요
- 전투에 도움이되는 마법 주문 장착",Deep Deep Deep Nightmare,QUBYTE,https://image.api.playstation.com/vulcan/ap/rnd/202503/1420/86adbf4f7de15ff524c6144f810c008044de48a8681a7b07.jpg?w=1920,"슈팅, 아케이드",playstation
DIG VR,https://store.playstation.com/ko-kr/concept/10009182,2025-05-01,https://image.api.playstation.com/vulcan/ap/rnd/202502/0510/4c020c267426f6e7aa560f3ee6a0fdf7f4f7e80d4167bbd9.jpg?w=1920,"DIG VR은 초보와 프로 모두가 흥미롭고 스릴 넘치는 굴착기 기사의 진짜 삶을 즐길 수 있는 게임입니다. 현실적이고 몰입감 넘치는 컨트롤로 진짜 굴착기 기사가 되어보세요. DIG VR은 캐주얼한 아케이드성을 갖춘 가벼운 시뮬레이션 게임입니다!

굴착기로 모든 걸 해결할 수 있는 매력적인 Diglington 마을에서 사업을 차리세요. 다양한 작업을 수행하세요. 전통적인 건축 작업에서부터 기이한 작업을 다양하게 즐기세요. 다양한 음악으로 하루를 밝혀줄 DIG FM이 당신과 함께합니다.
다양한 툴이 달린 초소형에서부터 초대형 굴착기로 그 어떤 도전도 다 해결할 수 있습니다. 70개 이상의 커스터마이즈 옵션을 잠금 해제하고 나만의 스타일을 추구하세요!

빠른 속도의 미니 게임을 플레이하거나, 샌드박스 모드에서 느긋한 시간을 보내세요. 그 다음 새 아이템이 주기적으로 추가되는 Lost Treasure라는 스탠드얼론 모드를 즐기세요.

신참과 전문가 모두를 위한 보물이 기다립니다!

주요 특징:
• 현실적 또는 간소화된 컨트롤러 레이아웃 선택지
• 진지하게, 또는 캐주얼한 경험이 가능한 커리어 모드 캠페인
• 새 장치 및 부착 장치 잠금 해제 가능
• 데칼, 페인트, 스킨으로 굴착기 꾸미기
• Lost Treasure 모드에서 주기적으로 발견되는 새 아이템",DIG VR,Wired Productions Ltd,https://image.api.playstation.com/vulcan/ap/rnd/202502/0510/4c020c267426f6e7aa560f3ee6a0fdf7f4f7e80d4167bbd9.jpg?w=1920,"캐주얼, 시뮬레이터",playstation
Finding Frankie,https://store.playstation.com/ko-kr/concept/10013893,1985-09-13,-,-,Finding Frankie,-,-,어드벤처,playstation
FragPunk,https://store.playstation.com/ko-kr/concept/10012871,1985-09-13,-,-,FragPunk,-,-,슈팅,playstation
"GET OUT - a ""Very Bad Dreams"" story",https://store.playstation.com/ko-kr/concept/10011452,2025-05-16,https://image.api.playstation.com/vulcan/ap/rnd/202502/2112/10579df1e23f6b22bb182355565d20d05b30b886ea85ef07.jpg?w=1920,"“GET OUT!”을 선주문하세요. 15% 할인과 독점 ""Dean's Dream"" DLC 혜택을 누리세요


현실과 광기의 경계가 모호해지는 심리 공포 게임인 “GET OUT!”의 무서운 분위기에 빠져보세요.

여러분은 사악한 감옥 같은 정신병원에 갇힌 환자 딘이 되어 플레이하게 됩니다. 절망으로 가득 찬 이 곳의 벽에는 말할 수 없는 비밀과 잃어버린 영혼을 대상으로 행해지는 끔찍한 실험이 숨겨져 있습니다.

이 정신병원에서는 비인간적인 실험으로 탄생한 악몽 같은 생명체들이 어두운 복도를 배회합니다. 손을 구속복으로 묶은 채 복잡한 퍼즐과 치명적인 도전을 헤쳐나가야 합니다. 퍼즐을 하나씩 풀 때마다 시설의 잠긴 문 뒤에 숨겨진 공포에 대한 진실에 더 가까이 다가갈 수 있습니다.

자신의 두려움을 반영한 듯한 괴물들과 마주하면서 마음의 덫을 피할 수 있을까요? 생존을 위한 싸움은 단순한 탈출을 넘어 인간 정신의 우여곡절을 통과하는 여정입니다.

“GET OUT!""에서는 모든 결정이 중요하고 모든 소음이 마지막이 될 수 있습니다. 이 지옥에서 탈출하여 과거의 진실을 발견할 수 있을까요, 아니면 영원히 그림자 속에서 방황해야 할 운명에 처하게 될까요?

또한, 걷지도 못하는 아기가 되어 주변의 이상한 세상을 이해하려고 노력하는 독점 DLC “딘의 꿈”도 포함되어 있습니다.

자신이 왜 이곳에 있는지, 자신이 누구인지, 더 중요한 것은 살아남을 수 있을까요? 그리고 이것이 정신 건강에 어떤 영향을 미칠까요?

헤드셋과 컨트롤러의 촉감 측면에서 최신 혁신 기술을 활용한 “GET OUT!”!

PSVR2의 가장 미친 공포 게임에 도전할 준비가 되셨나요?

“B- 햅틱” 지원! “GET OUT!""은 B- 햅틱 기술을 40개 이상의 다양한 액션과 통합하여 새롭고 완전히 몰입감 넘치는 방식으로 액션과 공포를 경험하는 드문 게임 중 하나입니다!","GET OUT - a ""Very Bad Dreams"" story",CREATIVE VR 3D,https://image.api.playstation.com/vulcan/ap/rnd/202502/2112/10579df1e23f6b22bb182355565d20d05b30b886ea85ef07.jpg?w=1920,"공포, 어드벤처, 성인",playstation
,https://store.playstation.com/ko-kr/concept/10013678,2025-01-24,,Adult Game,,,,,playstation
Into the Restless Ruins,https://store.playstation.com/ko-kr/concept/10013512,2025-05-15,https://image.api.playstation.com/vulcan/ap/rnd/202503/2016/bc8aa5bb7c86e8756e2fa4dcd4ce359406821803a194066c.png?w=1920,"Into the Restless Ruins은 로그라이크 덱빌더 게임입니다. 각 방과 복도를 나타내는 당신의 카드 덱을 사용하여 유적의 미궁을 키우세요. 이후 자동 전투로 길을 헤치며 어둠이 당신의 횃불을 압도하기 전에 저주받은 유적의 거주자들에게서 길모어를 최대한 수집하세요.

수확 처녀의 호의를 얻고, 닭 치는 여자, 울버 등 스코틀랜드 민담에 등장하는 인물들과 거래하여 유물을 발견한 뒤 카드 덱을 업그레이드, 선정하여 마침내 만나게 될 감시자와 맞설 만큼 강한 덱이 완성되었기를 기도하세요.

특징
• 역동적인 덱 쌓기 및 던전 건설: 플레이하면서 다양한 카드를 활용해 방과 복도 등을 배치하며 당신의 던전을 만들어 보세요. 처녀의 호의를 얻거나 유적 내 캐릭터와 상호작용하여 덱을 수정하세요.
• 전략적인 방의 시너지: 모닥불, 도서관, 포탈 같은 방을 전략적으로 배치하여 강력한 효과를 해제하고 매 도전마다 당신의 접근법을 최적화하세요.
• 무한대의 반복성: 새 게임을 할 때마다 새로운 던전 배치, 신선한 도전, 진화하는 전략이 기다립니다. 승리를 통해 규칙을 바꾸는 모드를 해제하고 숨겨진 메아리를 찾아내고 카드 풀을 확장하세요.
• 스코틀랜드 민담에 둔 뿌리: 마녀와 요정부터 기이한 처녀 및 그녀와 관련이 있는 켈트 전설에서 영감을 얻은 세계를 탐험하고 스코틀랜드 게일어로 플레이하여 게임에 보다 깊이 빠져 보세요.
• 진화하는 도전: 매번 맞닥뜨리는 새로운 위험에 맞서 점진적으로 생성되는 유적에서 강력한 적을 상대하고 유물을 갖춰 당신의 전략을 새롭게 수립하세요.
• 숨겨진 보물 해제: 희귀 부적과 무기, 설화 파편을 찾아내 당신의 여정을 형성하고 Restless Ruins의 비밀을 밝혀내세요.",Into the Restless Ruins,Wales Interactive,https://image.api.playstation.com/vulcan/ap/rnd/202503/2016/bc8aa5bb7c86e8756e2fa4dcd4ce359406821803a194066c.png?w=1920,"아케이드, 전략",playstation
IXION,https://store.playstation.com/ko-kr/concept/10009170,2025-04-08,https://image.api.playstation.com/vulcan/ap/rnd/202406/1713/533b577d9edd55ac19617d2c03ed21506555ab0f0535470b.jpg?w=1920,"생태계 붕괴 직전의 지구에서 DOLOS A.E.C.는 앞장서서 인류의 새로운 보금자리를 찾기 위해 노력합니다. 우연인지 운명인지, 프로토타입 우주 정거장인 Tiqqun은 남은 인류의 안식처를 찾아야 하는 운명을 짊어졌지만 붕괴될 수 있는 표류하는 방주이며, 당신은 관리자로서 그 조종석에 있습니다.

IXION은 지속적으로 평가 및 재평가를 하고, 배우고 적응해야 하기 위해서 여러분이 방심하지 않기를 요구하는 도시 건설 게임입니다. 여러분과 크루가 살아남으려면, 우주의 위험에 맞서는 동시에 우주의 비밀을 밝히고 자원을 추출해야 합니다. 그러나 위험은 안팎에서 찾아올 것입니다. Tiqqun의 인프라를 구축, 유지 및 개발하는 동시에, 정거장의 인구를 관리하고 그들의 요청에 제대로 응답할 수 있는 방법을 결정하여 그들이 여러분과 임무에 대한 신뢰를 지켜나가도록 해야 합니다.

간단한 해결책은 없습니다. 여러분의 행동은 지금 또는 더 나아가서 미래에 영향을 미칠 것입니다. 이러한 영향을 어떻게 처리하느냐에 따라 생존과 멸종의 차이를 만듭니다.

우리가 신뢰하는 DOLOS에서
관리할 인원, 일부는 자발적인 승무원이 아니고, 일부는 초기 시작부터가 아니고, 일부는 냉동에서 갓 나온… 이 모험을 시작한 회사에 대한 신뢰를 유지하거나 실패와 반란에 직면합니다. 스테이션 내에서 6개의 섹터를 잠금 해제할 수 있으며, 각 섹터는 더 많은 인원을 수용하고 새로운 직무를 지원하며 데이터 리스닝 서비스로 승무원을 모니터링할 수있는 기회를 제공합니다. 사람들에게 희망을 가져다 주시겠습니까?

어둠 속에서의 선택
여러분이 지구의 운명에서 탈출한 유일한 사람이라고 누가 말했나요? 다른 생존자 지역을 지나가고, 다른 곳의 실패와 붕괴에서 벗어나십시오… IXION은 새로운 위협과 기회가 제시되는 스토리의 흥미로운 챕터로 플레이어를 이끌 것이며, 이 모든 것이 최종 목적지인 새로운 본거지에 도달하는 데 도움이 될 것입니다.

프론티어 아카데미
DOLOS는 혁신적인 기술과 과학자들로 유명하지만 Tiqqun은 이제 고립되었습니다. 가능한 자원을 찾고, 가지고 있지 않은 지원을 조사하세요. 정착지를 제공할 새로운 방법을 찾고 필요한 것을 만들기 위해 새로운 건물을 건설하세요. Tiqqun 스테이션을 변형하고, 개선하고, 이 오디세이에서 앞서 나가세요.

점령 위험
우주는 위험한 곳입니다. 선체의 고장, 과부하된 전원 공급 장치, 전기 화재... 이러한 위험을 관리하고, 비상 상황을 처리하고, 백업 전원 솔루션을 마련하고, 선외활동을 가능하게 하는 것은 여러분에게 달려 있습니다…

스텔라 탐사
탐험할 완전히 새로운 별지도가 있습니다. 탐사선을 보내 숨겨진 것이 무엇인지 밝히고, 굴착선과 화물선을 만들어 자원을 찾고 교역하고, 과학 탐사를 의뢰하여 우주에서 발견하게 될 비밀과 위협을 확인하세요. 다른 생존자들을 만나 여러분의 미션, 목표인 생존을 위해 함께 하세요.",IXION,Kasedo Games Ltd,https://image.api.playstation.com/vulcan/ap/rnd/202406/1713/533b577d9edd55ac19617d2c03ed21506555ab0f0535470b.jpg?w=1920,전략,playstation
Koira,https://store.playstation.com/ko-kr/concept/10011889,2025-04-01,https://image.api.playstation.com/vulcan/ap/rnd/202407/2609/d36ac943fceb1993836141cb9cfcd7070791e976b41af510.jpg?w=1920,"Koira는 새로 사귄 강아지 친구와 함께 음악의 숲을 가로지르며 고대의 퍼즐을 풀고, 숲속 생물과 친구가 되어 집으로 가는 길을 찾는 훈훈한 우정 이야기입니다.

그림자 속에 숨은 위험한 사냥꾼을 피해 숲속을 탐험하세요...

강아지와 친구가 되세요
새 친구와 유대감을 형성하세요. 먹이를 주고, 돌보고, 함께 놀아주세요!

신비로운 숲속을 여행하세요
그늘진 숲, 눈 덮인 언덕, 어두운 동굴 등을 가로지르세요.

사냥꾼을 피해 친구를 지켜주세요
은신과 용맹함으로 끈질긴 사냥꾼을 따돌리세요.

퍼즐을 풀자
서로 힘을 합쳐 옛 숲을 복원하고 숲의 신비로운 기념물을 작동시키세요.

새 친구를 사귀세요
숲의 동물들을 만나고 도와주세요.",Koira,DON'T NOD ENTERTAINMENT,https://image.api.playstation.com/vulcan/ap/rnd/202407/2609/d36ac943fceb1993836141cb9cfcd7070791e976b41af510.jpg?w=1920,"어드벤처, 캐주얼",playstation
Leila,https://store.playstation.com/ko-kr/concept/10014101,2025-04-17,https://image.api.playstation.com/vulcan/ap/rnd/202502/1412/5968f3fdb92b45fb31e3e31527a0c9c5f29e6e193922c653.png?w=1920,"""보통이라면 내 안에 구덩이를 파고 빠져들었겠지만, 이번에는 스스로 걸어 들어가기로 했다. 이제 나는 내 인생의 해변에서 표류하고 있다.""

레일라가 되어 그녀의 삶의 모든 단계를 여행하며 중요한 순간들을 발견하세요. 그녀의 이야기 조각이 담긴 퍼즐을 풀며 그녀의 선택 뒤에 숨겨진 동기를 이해하게 됩니다. 그녀의 정신과 감정을 깊이 탐구할수록, 이 평범해 보이는 여성의 삶에서 자신을 발견하게 될 것입니다.

매력적인 내레이션과 아름다운 아트워크로 생동감을 더하는 감성적인 스토리 중심의 어드벤처 게임. 모든 프레임이 섬세한 전통 애니메이션으로 제작된 걸작이며, 감성을 자극하는 오리지널 사운드트랙이 순간을 더욱 강조합니다.

사랑과 신뢰, 그리고 과거의 그림자 속에서 갈등하는 레일라의 여정을 함께하세요. 사고력을 자극하는 퍼즐을 풀며, 그녀의 이야기에 더욱 깊이 몰입할 수 있습니다.

기대할 수 있는 요소:
♥ 4개의 챕터,
♥ 스토리 중심 퍼즐과 미니 게임,
♥ 수작업으로 제작된 애니메이션 컷씬,
♥ 16개의 오리지널 사운드트랙,
♥ 영어 음성 더빙,
♥ 클릭 앤 드래그 방식의 게임 플레이.",Leila,NAİSU OYUN YAZILIM SANAYİ TİCARET LİMİTED ŞİRKETİ,https://image.api.playstation.com/vulcan/ap/rnd/202502/1412/5968f3fdb92b45fb31e3e31527a0c9c5f29e6e193922c653.png?w=1920,"퍼즐, 퍼즐",playstation
Little Droid,https://store.playstation.com/ko-kr/concept/10012613,2025-04-10,https://image.api.playstation.com/vulcan/ap/rnd/202503/1407/5229286105b788c1f3f6b466e34b10ba4581270e2a5854b1.jpg?w=1920,"Little Droid는 여러분을 미스터리, 강력한 적, 숨겨진 위험이 가득한 세계로 데려가는 모험 플랫폼 게임입니다. 여정은 중요한 순간에 드로이드에 전원을 공급하기 위해 세심한 배터리 관리가 필요한 도전으로 가득 차 있습니다. 매우 상세한 환경을 탐색하고, 무기를 수집하여 다양한 장애물을 극복하고, 신비한 신호의 근원을 추적하면서 비밀을 밝혀내세요.

게임 특징:
• 메트로배니아 스타일의 탐험으로 각 능력을 획득하여 새로운 영역을 잠금 해제합니다.
• 보람 있는 도전을 추구하는 플레이어를 위해 고안된 높은 난이도.
• 복잡한 디테일로 분위기를 생생하게 표현하는 아름다운 손수 제작 2D 픽셀 아트.",Little Droid,Stamina Zero LLC,https://image.api.playstation.com/vulcan/ap/rnd/202503/1407/5229286105b788c1f3f6b466e34b10ba4581270e2a5854b1.jpg?w=1920,어드벤처,playstation
Lushfoil Photography Sim,https://store.playstation.com/ko-kr/concept/10009495,2025-04-15,https://image.api.playstation.com/vulcan/ap/rnd/202502/0717/18502d8548e89c2803c8c30ca0a2b1d927ba36f6eaa6adbf.jpg?w=1920,"자유로운 탐색

상세하고 사실적으로 재현한 전 세계의 아름답고 다양한 장소를 경험하세요. 환경 속에서 이동하며 탐험하고, 완전한 기능을 갖춘 게임 내 카메라로 멋진 경치와 풍경을 기록하세요. 각 환경은 각도와 관점을 예리하게 볼 수 있는 플레이어를 보상하는 목표, 그리고 인내심과 관찰력을 가진 플레이어를 위한 숨겨진 비밀로 가득 차 있습니다.

Lushfoil 세계의 풍성한 분위기는 전 세계 뮤지션의 라이선스 받은 음악이 포함된 은은하고 신비한 사운드트랙으로 향상됩니다.

완벽한 사진 캡처
게임 내 카메라는 실제 전문 DSLR 카메라에서 기대할 수 있는 다양한 설정을 포함하고 있습니다. 카메라는 자동/수동 초점, 플래시, 노출, 대비, 화이트 밸런스, 조리개, 버스트 샷, 그 외 효과와 같은 설정을 시뮬레이션하여 사진을 완벽하게 제어할 수 있습니다. 게임은 조명 각도, 안개, 눈, 바람, 비의 수동 조정 등을 통해 사진의 환경 조건을 조작할 수 있는 도구를 제공합니다.

인적이 없는 길
게임의 다양한 장소를 더 깊이 파고들어 잠금 해제할 수 있는 카메라를 찾고 독특한 관점에서 이 세계를 경험하세요. 풍경 위로 날아올라 상공에서 세계를 포착할 수 있는 1인칭 드론을 찾고, 완벽한 사진을 찍기 위해 잔잔한 물을 건널 수 있는 숨겨진 노로 젓는 배를 찾으세요.

아름다움을 위한 최적화
각 환경은 Unreal Engine 5로 제작되었으며 처음부터 효율적으로 최적화하고 게임의 장소를 놀라운 수준의 시각적 충실도로 재현하기 위해 만들어졌습니다. 고급 그래픽 카드를 최대한 활용하는 동시에 다양한 PC에서 게임을 실행하는 데 도움이 되도록 광범위한 사용자 지정 설정이 있습니다.

제작자 소개
제 이름은 Matt이며 웨스트 오스트레일리아 퍼스 출신이고 약 4년 동안(2023년 4월 현재) 이 프로젝트를 단독으로 진행해 왔습니다. 열렬한 하이커이자 사진가로서 제가 이러한 환경에 담아내려고 노력한 분위기와 세부적인 면을 감상하실 수 있기를 바랍니다. 멋진 경험을 하시길 진심으로 바랍니다!",Lushfoil Photography Sim,Annapurna Interactive,https://image.api.playstation.com/vulcan/ap/rnd/202502/0717/18502d8548e89c2803c8c30ca0a2b1d927ba36f6eaa6adbf.jpg?w=1920,어드벤처,playstation
Monster Energy Supercross 25 - The Official Video Game,https://store.playstation.com/ko-kr/concept/10009931,2025-04-10,https://image.api.playstation.com/vulcan/ap/rnd/202502/1409/5712a5bf5be9335025c54416cea842fb7feb9b88e1df7279.jpg?w=1920,"Supercross 라이더는 언제나 한치의 망설임도 없이 질주합니다. 당신도 망설일 필요가 없어요! 그러니까 Monster Energy Supercross 25를 지금 사전 주문하고 정식 게임과 Stars & Stripes Pack을 획득하세요!


Monster Energy Supercross 25와 함께 공식 2025년 Supercross 시즌을 맞이할 준비를 하세요!

현실 세계의 이벤트를 재현한 새로운 트랙을 질주하는 스릴을 만끽하고 새롭게 추가된 최신 프로 라이더와 경쟁하세요. 치열한 대회, 경쟁, 전략적 선택을 선보이는 개선된 커리어 모드에서 자신의 길을 개척해 나가세요.

Unreal Engine 5을 통해 구현된 새로운 게임플레이를 즐겨 보세요. 현실적인 물리와 역동적인 트랙 진화가 더해진 새로운 게임플레이는 매번 특별하고 놀라운 경험을 선사합니다. 오픈 튜토리얼, 포괄적인 위키, 신경 기술 라이딩 보조 기능을 통해 경주의 흐름을 마스터하세요.

고급 에디터로 경험을 취향에 맞게 조정하고 직접 만든 창작물을 여러 플랫폼에서 공유하세요.

캐주얼 레이스에서 경쟁하든, 랭크 리더보드에서 최고 자리를 노리든, 몰입도 높은 온라인 멀티플레이어 모드에서 플랫폼에 구애받지 않고 전 세계 플레이어와 경쟁하세요.",Monster Energy Supercross 25 - The Official Video Game,Milestone S.r.l.,https://image.api.playstation.com/vulcan/ap/rnd/202502/1409/5712a5bf5be9335025c54416cea842fb7feb9b88e1df7279.jpg?w=1920,"스포츠, 드라이빙/레이싱",playstation
My Little Universe,https://store.playstation.com/ko-kr/concept/10012017,2025-04-04,https://image.api.playstation.com/vulcan/ap/rnd/202409/0510/efbe962970511553efec2246327a400fbf6181fa4f14cc34.png?w=1920,"방대한 우주는 무한한 모험, 풀어야 할 미스터리, 싸워야 할 적들로 가득 차 있어요... 혹시 누가 알겠어요? 친한 친구들을 만날 수 있을지도 모르죠. 게다가 분할 화면으로 플레이하는 로컬 협력 모드에서 최대 3명의 친구와 여정을 함께할 수 있어요. 여행은 함께하면 더 재미있는 법이니까요!

탐험하라!
신화에서 영감을 받은 땅과 적대적인 외계인들의 세계를 포함한 9가지의 신화 기반 세계와 65개 이상의 다양한 던전이 여러분과 여러분의 친구를 기다려요. 여러분은 신비와 재물이 가득하고, 수많은 도전과 난관이 기다리는 이 세계에 과거의 영광을 가져다 줘야 해요!

자원을 수집하라!
이 세계에는 풍부한 광물이 가득해요. 믿음직스러운 도구로 자원을 채취할 수 있죠. 또한 봉인된 힘을 지닌 신비로운 유물을 강력한 적들이 지키고 있어요. 70가지 이상의 수집 가능한 자원을 사용하여 신비로운 위협의 손에 사라진 땅을 복원하세요.

도전에 당당히 맞서라!
우주를 되살리기는 쉽지 않을 거예요. 모든 도전을 성공적으로 완수하려면 적절한 도구가 필요하죠. 믿음직스러운 곡괭이, 날카로운 검, 튼튼한 도끼로 신비로운 생물체, 외계 괴물, 심지어는 반신 등 150가지 이상의 다양한 적들에 맞서야 해요!

장비를 업그레이드하라!
각 행성에서는 새로운 도전 과제가 등장해요. 따라서 가장 뛰어난 최신 도구로 업그레이드하여 준비를 단단히 해야 하죠. 그러면 한발짝 앞서서 적들에 맞설 수 있어요! 무기, 도구, 방어구를 30레벨 이상의 고레벨로 강화하세요!

모험을 마음껏 즐겨라!
게임의 아늑한 분위기에 푹 빠져서 마음의 안정을 가져다 주는 사운드트랙을 들으면서 단순하면서도 인상깊은 그래픽을 즐기세요. 이렇게 여정을 펼치면서 친구들을 사귀는 거예요!",My Little Universe,Saygames Ltd,https://image.api.playstation.com/vulcan/ap/rnd/202409/0510/efbe962970511553efec2246327a400fbf6181fa4f14cc34.png?w=1920,"어드벤처, 시뮬레이션",playstation
Ninja Fight,https://store.playstation.com/ko-kr/concept/10014362,2025-03-22,https://image.api.playstation.com/vulcan/ap/rnd/202502/1311/04d1c1102ff9843e240121bd0d4aa1f3c73bdb0fb71111ea.png?w=1920,"게임 플레이:
닌자 파이트 – 아시아 스타일의 흥미진진한 격투 게임입니다. 당신 혼자 악당 무리에 맞서야 하며, 당신의 강철 주먹만이 당신을 이길 수 있도록 도울 것입니다! 사용 가능한 영웅 중 하나를 선택하고 전투에 참여하세요. 레벨을 완료하려면 거리 전체를 산적에게서 제거하세요.

기능 목록:
- 화려한 전투 시스템
- 밝은 동양적 분위기
- 선택할 수 있는 일곱 명의 영웅
- 주간, 야간 및 일몰에 두 가지 레벨이 제공됩니다.",Ninja Fight,ASI GAMES TECHNOLOGIES LTD,https://image.api.playstation.com/vulcan/ap/rnd/202502/1311/04d1c1102ff9843e240121bd0d4aa1f3c73bdb0fb71111ea.png?w=1920,"액션, 액션",playstation
One Step After Fall,https://store.playstation.com/ko-kr/concept/10010937,2025-04-02,https://image.api.playstation.com/vulcan/ap/rnd/202503/2118/668a4d7f90be5a3a1d82a95f52f9298b86ef1af0195de23b.jpg?w=1920,"원 스텝 애프터 폴은 싱글플레이어 1인칭 워킹 시뮬레이터로, 인생의 불행으로 인해 소중한 사람, 작품에 대한 믿음, 삶의 의미를 잃게 된 성공한 작가 스티브 로빈슨을 소개하는 내러티브 경험에 중점을 둔 게임입니다.

플레이어는 내러티브를 통해 스티브가 자신을 우울증에 빠뜨린 이야기 속 에피소드를 되새기며 그의 삶을 상징하는 장소들을 알아가게 됩니다.

그 순간부터 스티브는 자신의 이야기를 다시 돌아볼 수도 있고 아닐 수도 있는 운명을 마주하고 인생에서 가장 중요한 결정을 내릴 수 있게 됩니다.

게임에는
- 두 가지 엔딩.
- 내러티브 및 비내러티브 수집품.
- 인벤토리에서 스토리를 진행하고 수집품과 획득 한 편지를 참조 할 수있는 지침을 제공합니다.
- 깔끔한 인터페이스로 내러티브 경험에 집중할 수 있습니다.",One Step After Fall,QUBYTE,https://image.api.playstation.com/vulcan/ap/rnd/202503/2118/668a4d7f90be5a3a1d82a95f52f9298b86ef1af0195de23b.jpg?w=1920,어드벤처,playstation
Pipistrello and the Cursed Yoyo,https://store.playstation.com/ko-kr/concept/10011382,1985-09-13,-,-,Pipistrello and the Cursed Yoyo,-,-,액션,playstation
Pirates VR: Jolly Roger,https://store.playstation.com/ko-kr/concept/10013464,1985-09-13,-,-,Pirates VR: Jolly Roger,-,-,어드벤처,playstation
Prison Architect 2,https://store.playstation.com/ko-kr/concept/10007831,1985-09-13,-,-,Prison Architect 2,-,-,"전략, 시뮬레이션",playstation
The Midnight Walk,https://store.playstation.com/ko-kr/concept/10009390,2025-05-08,https://image.api.playstation.com/vulcan/ap/rnd/202409/1110/2c3d585db6df70dda3c1b852ece659783aea274d1837259b.jpg?w=1920,"로스트 인 랜덤 개발진이 신작 어드벤처 게임, 미드나이트 워크로 돌아왔습니다!

이제 길 잃은 랜턴 괴물의 친구가 되어, 친구의 빛과 함께 기묘하면서도 공포 어린 세계를 탐험해 보세요! 괴물들을 따돌리고, 찰흙 스톱 모션 애니메이션으로 만들어낸 으스스하고 세밀한 세계를 직접 확인해 보세요.

빛과 어둠, 잊을 수 없는 모험

포트보이와 함께 미드나이트 워크만의 오묘한 길을 걸어가세요. 어떻게든 힘을 합쳐 불을 먹는 괴물을 따돌려야 합니다. 포트보이의 불로 적의 시선을 분산시키면서 더 다크 잇셀프의 음침한 손길에서 벗어나세요. 희망과 절망이 공존하는 세계를 탐험하는 것은 물론, 친구를 사귀면서 아름답기 그지없는 경치도 마음껏 감상할 수 있습니다.

손으로 직접 빚어낸 암울하고도 아름다운 세계

미드나이트 워크의 세계는 전부 찰흙으로 빚은 작품을 상세하게 3D 스캔 처리해서 빚어낸 세계입니다. 네, 침을 흘리며 으르렁거리는 괴물과 더불어, 뾰족한 가로수까지도 하나도 빠짐없이 말이죠. 화려한 스톱 모션 애니메이션으로 제작진의 장인정신이 깃든 예술적인 판타지 세계를 생생하게 느껴보세요.

PS5나 PS VR2에서 게임을 온몸으로 느껴보세요

일반 스크린으로도 미드나이트 워크를 즐길 수 있지만, PlayStation VR2로 가상현실에서도 즐기는 것 역시 가능합니다. DualSense 컨트롤러로 미지의 세계에서 길을 헤쳐 나갈 수도 있고, VR에서 Sense 컨트롤러로 끝없는 밤을 탐험할 수도 있습니다. VR 헤드셋을 착용하셨다면 눈을 감고 소리에 집중하며 아이 트래킹을 활용해 보세요. 주변 세계가 변하면서 색다른 즐거움을 체험할 수 있을 테니까요. 감이 잘 안 오신다고요? 직접 확인해 보세요!",The Midnight Walk,Fast Travel Games AB,https://image.api.playstation.com/vulcan/ap/rnd/202409/1110/2c3d585db6df70dda3c1b852ece659783aea274d1837259b.jpg?w=1920,"공포, 어드벤처",playstation
The Talos Principle: Reawakened,https://store.playstation.com/ko-kr/concept/10012495,2025-04-11,https://image.api.playstation.com/vulcan/ap/rnd/202412/0921/816526176a3088cebccf428de03fc324ea6a4a1d23c67171.jpg?w=1920,"The Talos Principle: Reawakened(탈로스 법칙: 재각성)과 함께 사고를 자극하는 퍼즐과 철학적 질문, 숨 막히는 영상미의 세계로 돌아가 보세요. 이 결정판은 탈로스 법칙의 획기적인 서사를 재조명하며, 더욱 방대하게 리마스터된 시뮬레이션 세계로의 여정에 몰입할 수 있게 해줄 것입니다.

The Talos Principle: Reawakened은 새로운 콘텐츠와 보강된 게임플레이, 그리고 아름답게 강화된 그래픽을 제공합니다. 호평을 받았던 확장팩, '게헨나로 가는 길'을 다시 체험하고 완전히 새로운 챕터인 '태초에'에 뛰어드세요. 시뮬레이션의 첫 번째 중요한 테스트를 주도하며 깊은 실존적 질문에 직면하는 알렉산드라 드레넌의 이야기는, 플레이어에게 인간 존재의 본질에 대한 깊은 통찰을 제시합니다.

독보적인 영상미와 편의성 개선
여러분이 기억하는 시뮬레이션 세계는 이제 언리얼 엔진 5로 다시 제작되어 더욱 뛰어난 몰입감과 디테일을 선사합니다. 광원, 텍스처, 환경 디자인을 보강하여 게임의 방방곡곡에 새로운 활력을 불어넣고, 원작의 비전을 유지하면서도 편의성을 개선했습니다.

새롭고 대담한 챕터를 포함한 확장 콘텐츠
호평을 받았던 확장팩 '게헨나로 가는 길'을 재방문해 보세요. 그리고 흥미진진한 신규 챕터인 '태초에'를 경험해 보세요. 시뮬레이션의 기원과 첫 번째 테스트의 도전을 살펴보는 신선한 챕터를 통해, 이 게임의 철학적이고 서사적인 깊이를 한층 더 경험하실 수 있을 것입니다.",The Talos Principle: Reawakened,Devolver Digital,https://image.api.playstation.com/vulcan/ap/rnd/202412/0921/816526176a3088cebccf428de03fc324ea6a4a1d23c67171.jpg?w=1920,퍼즐,playstation
Ultimate Sparring,https://store.playstation.com/ko-kr/concept/10014127,2025-02-27,https://image.api.playstation.com/vulcan/ap/rnd/202502/1801/f9c701f479cf66df66561b8fae15e6c71645c46f79acb818.png?w=1920,"내면의 챔피언을 해방하세요!

궁극의 복싱 경기장에 들어가 Ultimate Sparring으로 그 어느 때보다 실력을 시험해보세요! 정확한 잽, 강력한 후크, 역동적인 어퍼컷을 날려 점수를 올리고, 장대한 콤보를 이어가세요.

생생한 비주얼, 가슴 뛰는 사운드트랙, 첫 펀치부터 액션에 몰입하게 만드는 중독성 있는 게임플레이를 경험하세요. 복싱 광신자이든 단순히 고득점을 노리는 스릴을 좋아하든, 분명한 것은 한 가지입니다. 승리를 향한 멈출 수 없는 의지가 여러분을 차별화할 것입니다.

장비를 갖추고 샌드백에 맞서 복싱 역사에 이름을 새기세요. Ultimate Sparring – 여러분의 훈련이 전설이 되는 곳!",Ultimate Sparring,Nextgo24 UG,https://image.api.playstation.com/vulcan/ap/rnd/202502/1801/f9c701f479cf66df66561b8fae15e6c71645c46f79acb818.png?w=1920,액션,playstation
Zombie Derby: Pixel Survival,https://store.playstation.com/ko-kr/concept/10013631,2025-04-02,https://image.api.playstation.com/vulcan/ap/rnd/202503/0714/aac771dbbf21d24f96b84082459265a206a0693ac3fc093d.jpg?w=1920,"전설적인 Zombie Derby 시리즈의 새로운 작품이 등장했습니다!

좀비 무리를 박살내고 수많은 장애물을 뚫고 나아가는 짜릿한 레이싱 아케이드 게임! 지금껏 본 적 없는 좀비 아포칼립스를 경험해 보세요. 좀비를 처치하는 것이 이렇게 다채롭고 흥미진진했던 적은 없었습니다!

좀비가 당신의 뇌를 먹게 두지 마세요!",Zombie Derby: Pixel Survival,Brinemedia,https://image.api.playstation.com/vulcan/ap/rnd/202503/0714/aac771dbbf21d24f96b84082459265a206a0693ac3fc093d.jpg?w=1920,"액션, 아케이드, 드라이빙/레이싱",playstation
Bionic Bay,https://store.playstation.com/ko-kr/concept/10011377,2025-04-17,https://image.api.playstation.com/vulcan/ap/rnd/202408/3014/9f85e4272fe910e59dce87bb89db2223c5f1cea49c4530ae.jpg?w=1920,"한 과학자가 독특한 텔레포트 장치를 사용하여 창의적인 기술, 치명적인 함정, 숨겨진 비밀로 가득한 고대 생물 기계학의 세계를 탈출합니다.

스왑 메커니즘 및 현실 물리 시스템
Bionic Bay의 핵심은 혁신적인 스왑 메커니즘과 현실적인 물리 시스템입니다. 이 두 부분의 결합은 플레이어들에게 중력 변환으로부터 물체 또는 적과의 위치 교환, 스왑 메커니즘을 이용한 이동, 방어 또는 공격까지 새로운 인터랙티브 방식을 제공합니다. 하지만 이 과정에서 화상, 파손, 동결, 폭발 또는 증발하지 않도록 조심하세요.

고대 생물 기계학의 세계
상상력이 풍부한 장치, 신비로운 기술, 특이한 주민들로 가득한 고대 생물 기계학의 세계로 뛰어들어 보세요. SF적인 풍경에 빠져 고밀도의 픽셀 아트 스타일과 긴장감 넘치는 사운드로 가득한 세계입니다. 신비로운 세계를 탐색하고 고대 세계의 비밀을 밝혀내 보세요.

온라인 모드: 경쟁 스피드 러닝, 순위표 및 캐릭터 커스터마이징
시간제한 경주에서 다른 플레이어의 유령에 맞서 자신의 숙달도를 테스트하고, 경쟁자들을 크게 앞지르고 경쟁적인 온라인 순위표에서 1위를 차지하세요. 나만의 과학자를 만들 수 있는 게임 내 기능을 사용하여 보드에서 스타일리시함을 유지하고 실력을 인정받으세요. 그리고 온라인 모드는 정기적으로 새로운 이벤트로 업데이트되므로 한 번의 승리에 안주하지 마세요.",Bionic Bay,Kepler Interactive Limited,https://image.api.playstation.com/vulcan/ap/rnd/202408/3014/9f85e4272fe910e59dce87bb89db2223c5f1cea49c4530ae.jpg?w=1920,"퍼즐, 어드벤처",playstation
