url,title,date,imageurl,description,autokwd,company,screenshot,tag,platform
https://store.nintendo.co.kr/70010000091312,Towa and the Guardians of the Sacred Tree,2025-09-18,https://store.nintendo.co.kr/media/catalog/product/cache/a7267a3b8c99c74f0bde248fd00edb94/a/0/a07b5bec68b70de925c81e044fffce40fe34734b31c4f60103400360d6c3777b.jpg,"예약구입 상품입니다.

기도는 영원히 시간은 아득히
【게임 내용】

『기도는 영원히 시간은 아득히』

이야기의 무대는 모든 악의 근원인 마가츠의 힘 때문에 “마나”가 고갈되어 버린 신주 마을. 신의 아이 토와와 신관들은 마을의 평화를 되찾기 위해 마가츠를 토벌하고자 던전으로 향한다. 때로는 만남과 함께, 때로는 이별과 함께. 토와와 신관들과 마을 사람들이 자아내는 액션 어드벤처 게임.

◆던전
8명의 신관 중 2명을 선택, 쿼터뷰 방식의 액션으로 방에 있는 적을 소탕하자. 방을 정리하면 무작위로 “은총”이 발생하여 능력이 강화, 마가츠가 있는 최심부로 향하자.

◆신주 마을
던전에서 입수한 소재를 신주 마을에 가지고 오자. 소재는 다양한 기초 능력 향상에 사용할 수 있다. 또한 던전에서 사용할 칼을 만드는 「대장간」에서 더욱 강한 칼을 만들어 도전하자.

◆시대 진행
던전을 클리어하면 신주 마을의 “시간”이 흐르고 이야기가 진행된다.
시간의 흐름에 따라 변화하는 문명과 다양한 인간 묘사가 그려지는 독특한 분위기의 이야기를 즐길 수 있다.","Towa and the Guardians of the Sacred Tree,토와와 신목에 선택받은 아이들",BANDAI NAMCO Entertainment,"https://store.nintendo.co.kr/media/catalog/product/cache/a7267a3b8c99c74f0bde248fd00edb94/a/0/a07b5bec68b70de925c81e044fffce40fe34734b31c4f60103400360d6c3777b.jpg,https://store.nintendo.co.kr/media/catalog/product/cache/a7267a3b8c99c74f0bde248fd00edb94/d/b/db0aed3219cae70b6ed58f52da5afb1d8f0009d1166471a668cd49ad1d7d08ca.jpg,https://store.nintendo.co.kr/media/catalog/product/cache/a7267a3b8c99c74f0bde248fd00edb94/6/9/69ad752dd5c894c08c02e48cd8a3f10bc7a5112b2fe6ab8249f6ba7a4bc6c6da.jpg,https://store.nintendo.co.kr/media/catalog/product/cache/a7267a3b8c99c74f0bde248fd00edb94/0/9/097257834ffbaff5f91d295e7a5ef437cc4ff4c5a84a32d763f02200c4faabf7.jpg,https://store.nintendo.co.kr/media/catalog/product/cache/a7267a3b8c99c74f0bde248fd00edb94/6/a/6a31e32a42fb725b4be065f46100b5a73a0f97d18712aace9fab8de5eb880970.jpg,https://store.nintendo.co.kr/media/catalog/product/cache/a7267a3b8c99c74f0bde248fd00edb94/a/b/abef8762dfab36838e0055216597aecd782d46921e47610a9d09695ea2734787.jpg,https://store.nintendo.co.kr/media/catalog/product/cache/a7267a3b8c99c74f0bde248fd00edb94/4/8/489a1bc3daf46430c6c0b826423433236f0f02ddf42cea1ac99fe4150f446283.jpg",액션,switch
https://store.nintendo.co.kr/70010000066780,SHINOBI: Art of Vengeance,2025-08-29,https://store.nintendo.co.kr/media/catalog/product/cache/a7267a3b8c99c74f0bde248fd00edb94/3/9/396d4e8de340ac450128cecb5b54bca9f7a4015a2e976b0dfa7b75ea9f444b84.jpg,"예약구입 상품입니다.

붓끝에서 펼쳐지는 무한의 칼날.
수려한 핸드 드로잉 그래픽으로 펼쳐지는 논스톱 콤보 액션！
■본작에 대하여
이 작품은 세밀하게 손으로 그린 그래픽과 타격감 있는 연격 액션이 빚어내는 새로운 닌자 액션 게임입니다. 복수로 가득찬 한 사람, 시노부의 이야기가 손으로 그린 독특한 아트 스타일로 섬세하고 선명하게 그려집니다.

■줄거리
시노비의 정점에 이른 닌자 '조 무사시'는 전소된 마을과 돌로 변한 동료들을 눈앞에서 목격하고 복수의 여정에 나선다. 거대한 악에 맞서 동료들의 원수를 갚기 위해서…

■시노비의 기술을 갈고닦아라
검과 쿠나이, 인술, 인법 그리고 조 무사시의 능력을 확장시키는 부적을 자유롭게 사용하여 적을 쓰러뜨려라. 상황에 따라 다양한 기술을 선택하고 자신만의 배틀 스타일로 콤보를 펼치자. 매끄럽고 약동감 있는 애니메이션과 속도감 넘치는 액션이 융합하여 유일무이한 통쾌함을 맛볼 수 있다.

■핸드 드로잉 터치로 그려지는 아름다운 세계
군사 기지부터 작열하는 사막까지, 길을 떠난 조 무사시 앞에 펼쳐지는 각양각색의 스테이지. 수작업으로 밀도 있게 표현된 세계가 그의 여로를 물들인다.
또한, 도중에는 다양한 인술을 구사하여 눈앞의 난관을 극복하고 숨겨진 신규 루트를 발견하는 등, 만족스러운 플랫폼 액션도 즐길 수 있다.

※본 상품은 게임 본편 단품이며, 게임 본편과 추가 콘텐츠가 포함된 세트 상품은 별도로 판매되고 있습니다. 중복 구매에 유의하시기 바랍니다.
※내용 및 사양은 예고 없이 변경될 수 있습니다.","SHINOBI: Art of Vengeance,SHINOBI 복수의 참격",SEGA,"https://store.nintendo.co.kr/media/catalog/product/cache/a7267a3b8c99c74f0bde248fd00edb94/3/9/396d4e8de340ac450128cecb5b54bca9f7a4015a2e976b0dfa7b75ea9f444b84.jpg,https://store.nintendo.co.kr/media/catalog/product/cache/a7267a3b8c99c74f0bde248fd00edb94/4/8/48f01f7e8a09181d288f3e7717d678de8784f23a2fad5d2fcab726062c3b7ec9.jpg,https://store.nintendo.co.kr/media/catalog/product/cache/a7267a3b8c99c74f0bde248fd00edb94/0/6/06b2e017afadafd009049a9c4236b83433482ff780225190059790911cd79025.jpg,https://store.nintendo.co.kr/media/catalog/product/cache/a7267a3b8c99c74f0bde248fd00edb94/8/7/87e15fb3af8b390198a76cbfc7f7873f769eb2668bd26f79d3e2f57cac524c4a.jpg,https://store.nintendo.co.kr/media/catalog/product/cache/a7267a3b8c99c74f0bde248fd00edb94/f/c/fca05225c80ed3cfdcb040dad6646f8a9bf4f701f9e0a6e2fa347ba46fdffc66.jpg,https://store.nintendo.co.kr/media/catalog/product/cache/a7267a3b8c99c74f0bde248fd00edb94/5/f/5f3bc14cb8c285c53b0940ba2d9b9880312e6ebabd27de193232f78ecfc08030.jpg,https://store.nintendo.co.kr/media/catalog/product/cache/a7267a3b8c99c74f0bde248fd00edb94/3/9/396d4e8de340ac450128cecb5b54bca9f7a4015a2e976b0dfa7b75ea9f444b84.jpg","액션,어드벤처",switch
https://store.nintendo.co.kr/70010000096831,별의 커비 디스커버리 Nintendo Switch 2 Edition + 스타리 월드,2025-08-28,https://store.nintendo.co.kr/media/catalog/product/cache/a7267a3b8c99c74f0bde248fd00edb94/a/5/a558f43bad7829c4e52a6a83647bf038eeaaa573534e7d015b13d54101b72e04_1.jpg,"Nintendo Switch 2 상품입니다.

Nintendo Switch 2에서 플레이하는 커비의 두 가지 모험
▽『별의 커비 디스커버리』
모험의 무대는, 문명과 자연이 융합한 미지의 「새로운 세계」. 빨아들이고, 뱉고, 날고, 카피하고. 깊이가 있는 3D 스테이지를, 커비의 친숙한 액션으로 자유롭게 돌아다니며 모험합니다.

◆목표는 웨이들 디의 구출
의문의 적 「비스트 군단」에게 납치된 웨이들 디 무리를 돕기 위한 커비의 모험이 시작됩니다. 각 스테이지에서는 비스트 군단과 싸우고, 장치를 풀어나가며 골 지점에 사로잡혀 있는 웨이들 디 무리의 구출을 목표로 합니다.

◆진화하는 특수한 카피 능력
친숙한 카피 능력이 3D로 다시 태어난 것은 물론, 진화하는 것으로 ""외형""도 ""기술""도 파워업.
공격 수단이 늘어나거나 공격 범위가 넓어지는 등, 보다 다채로운 액션을 즐길 수 있습니다.

◆새로운 것을 머금고 변형
새로운 세계에 흩어진 자동차나 자판기 등을 머금으면 특별한 액션이 가능한 「머금기 변형」. 머금기 아이템에 따라 다양한 모습으로 변화하고 스테이지의 탐색이나 웨이들 디의 구출에 크게 활약합니다.

◆커비와 반다나 웨이들 디로 2인 협력 플레이
Joy-Con 2를 나눠 잡으면 커비와 반다나 웨이들 디, 2명으로 새로운 세계를 모험할 수 있습니다.",별의 커비 디스커버리 Nintendo Switch 2 Edition + 스타리 월드,Nintendo,"https://store.nintendo.co.kr/media/catalog/product/cache/a7267a3b8c99c74f0bde248fd00edb94/a/5/a558f43bad7829c4e52a6a83647bf038eeaaa573534e7d015b13d54101b72e04_1.jpg,https://store.nintendo.co.kr/media/catalog/product/cache/a7267a3b8c99c74f0bde248fd00edb94/b/3/b3dc113c05fe9e09566a675cef8208243e82a1dc4ea11a745015b51dfb0a4787.jpg,https://store.nintendo.co.kr/media/catalog/product/cache/a7267a3b8c99c74f0bde248fd00edb94/5/0/502393855cfed72444accf5bc624670e4d4b0eb5c001205877bf3afcf5d4fffc.jpg,https://store.nintendo.co.kr/media/catalog/product/cache/a7267a3b8c99c74f0bde248fd00edb94/b/0/b0f89c425fe61f8063ad98a8e04201448a711e2e70d49ed96a06efe712980ad5.jpg,https://store.nintendo.co.kr/media/catalog/product/cache/a7267a3b8c99c74f0bde248fd00edb94/a/c/acb1cb2c734e8bd1fc56b657045c0cc3a262e708d197eb153d469c73b4b4b1e5_1.jpg,https://store.nintendo.co.kr/media/catalog/product/cache/a7267a3b8c99c74f0bde248fd00edb94/c/f/cfd365dc5037f60c07d6d4c1a0b0c99d97157957601bfd53ab46c70105ac5c83_1.jpg,https://store.nintendo.co.kr/media/catalog/product/cache/a7267a3b8c99c74f0bde248fd00edb94/7/a/7ada123972c4626d7e590a4bd6a5d77edf43e02ba57cc193572bf4573082b5c3.jpg",액션,switch
https://store.nintendo.co.kr/70010000097535,EA SPORTS Madden NFL 26,2025-08-15,https://store.nintendo.co.kr/media/catalog/product/cache/a7267a3b8c99c74f0bde248fd00edb94/3/a/3aca01cdafc549aabd8e2778d0494950a64e213f4f13ece3d19b57a9e6aa5b7f_1.jpg,"실제 경기 데이터를 기반으로 설계된 게임 플레이

EA SPORTS™ Madden NFL 26은 AI 기반의 새로운 머신 러닝 시스템을 활용하여 약 10년에 걸친 실제 NFL 데이터에서 획득한 수천 개의 플레이를 더욱 폭발적인 게임플레이로 변환합니다. 이를 통해 새로운 선수별 특성, 현실적인 플레이 스타일, NFL 쿼터백과 코치의 경기 내 경향과 전략에 맞춘 적응형 카운터 등을 제공합니다.

Minnesota의 Skol chant부터 Baltimore의 라이트 쇼까지, 게임에 영향을 미치는 날씨, 팀의 전통 등 NFL 전반에 걸친 새로운 프레젠테이션을 경험해 보세요.

실제 NFL 데이터를 기반으로 가장 현실적인 Madden을 구현합니다.

시그니처 쿼터백
스타 NFL 쿼터백들은 슈퍼스타다운 더욱 현실적인 움직임, 외모, 감각을 보여 줍니다.

코치 DNA
실제 NFL 코칭 트렌드를 반영한 적응형 카운터입니다.

로스터 관리
현대화된 뎁스 차트, 새로운 포지션 역할, Wear & Tear 시스템이 로스터 관리와 게임 플랜에 새로운 전략과 실험성을 더해 줍니다.

미식 축구 날씨
극한의 날씨로 인해 미리 준비해 둔 미식 축구 게임 플랜에 지장이 생길 수 있습니다. 폭설이나 짙은 안개로 시야가 제한되거나, 선수의 움직임, 체력, 볼 컨트롤 등에 직접적인 영향을 미치는 비 등 새로운 요소에 적응하세요.

이 게임은 게임 내에서 사용되는 가상 화폐를 게임 내 구매 및 이용할 수 있으며, 이를 통해 확률형 아이템을 포함한 게임 내 가상 아이템을 구매할 수 있습니다.",EA SPORTS Madden NFL 26,EA,"https://store.nintendo.co.kr/media/catalog/product/cache/a7267a3b8c99c74f0bde248fd00edb94/3/a/3aca01cdafc549aabd8e2778d0494950a64e213f4f13ece3d19b57a9e6aa5b7f_1.jpg,https://store.nintendo.co.kr/media/catalog/product/cache/a7267a3b8c99c74f0bde248fd00edb94/7/d/7d533688a0aa30181f712afabeb8a3e5fc2e6d9f80127ef6ca7586874d312dbd_1.jpg,https://store.nintendo.co.kr/media/catalog/product/cache/a7267a3b8c99c74f0bde248fd00edb94/b/9/b9d90ae86b2ca517f2995527932e4cac614957260c3ebb777a2a8858cb64a8a2_1.jpg,https://store.nintendo.co.kr/media/catalog/product/cache/a7267a3b8c99c74f0bde248fd00edb94/f/e/fe251f06ec48d0161233bd406b2c21e5ae3b27dbc1aea966900bba3784611b37_1.jpg,https://store.nintendo.co.kr/media/catalog/product/cache/a7267a3b8c99c74f0bde248fd00edb94/3/a/3aca01cdafc549aabd8e2778d0494950a64e213f4f13ece3d19b57a9e6aa5b7f_1.jpg",스포츠,switch
https://store.nintendo.co.kr/70010000074360,GRADIUS ORIGINS,2025-08-07,https://store.nintendo.co.kr/media/catalog/product/cache/a7267a3b8c99c74f0bde248fd00edb94/a/6/a69310435d48e320106638f720f8902852b5fd8ea23ff893bc6d702ab4c401ec.jpg,"예약구입 상품입니다.

횡스크롤 슈팅 게임계의 선구적 작품 '그라디우스' 시리즈의 최신작 '샐러맨더 3'가 초기 아케이드의 오리진 작품과 함께 등장
가정용 게임기로 처음 이식되는 환상의 '그라디우스 III AM 쇼 버전'을 포함하여, 총 7개 타이틀의 18개 버전 아케이드 타이틀 수록
어디서든 할 수 있는 저장과 되돌리기, 무적 모드 등 알찬 지원 기능과 함께, 부활 지점 및 플레이 회차, 파워 업 상태 등을 설정해 연습할 수 있는 트레이닝 모드, 각종 BGM과 귀중한 자료 이미지가 수록된 라이브러리 기능도 구현

1. 샐러맨더 III

2. 그라디우스
일본 ROM판 / 일본 버블 시스템판 / 북미판 (NEMESIS) / 유럽판 (NEMESIS) / 북미 시제품판 (NEMESIS)

3. 샐러맨더
일본판 / 북미판 (라이프 포스)

4. 라이프 포스
일본판

5. 그라디우스 II -GOFER의 야망-
일본 전기판 / 일본 중기판 / 일본 후기판 / 북미판 (VULCAN VENTURE)

6. 그라디우스 III -전설에서 신화로-
일본 OLD판 / 일본 NEW판 / 아시아판 / 일본 AM 쇼판

7. 샐러맨더2
일본판

■ 알찬 지원 기능, 편의 기능, 신규 모드

빠른 저장 / 빠른 불러오기
게임 플레이 중 언제든지 저장/불러오기 가능

되돌리기
언제 어디서든 되돌리기로 다시 시작할 수 있는 편의 기능

이지 모드
플레이어 전투기의 피격 판정 범위가 작아 한결 편하게 진행할 수 있는 플레이 모드입니다.

무적 모드
적의 공격을 맞아도 플레이어 전투기를 잃지 않으며, 잃은 횟수만 기록되는 플레이 모드입니다.

트레이닝 모드
부활 지점 및 플레이 회차, 파워 업 상태 등을 설정해 게임을 연습할 수 있는 플레이 모드입니다.
※특정 게임 버전에서만 플레이할 수 있습니다.

온라인 랭킹
게임 오버 후, 획득한 스코어를 리더 보드에 등록
상위 랭킹에 들면 스코어 등록과 함께 리플레이 업로드

사운드 갤러리
각 타이틀의 오리지널 사운드트랙 및 기존 발매 CD에 수록된 어레인지 악곡 등 감상 가능

비주얼 갤러리
당시의 사용 설명서, 개발 자료 등 열람 가능

그라디우스 도감
각 오리진 타이틀의 적 캐릭터와 스코어 확인 가능


그 외 각 게임 설정 화면에서 다양한 설정(기판의 DIP 스위치, 화면 필터, 당시의 버그 재현 등) 변경 가능",GRADIUS ORIGINS,KONAMI,"https://store.nintendo.co.kr/media/catalog/product/cache/a7267a3b8c99c74f0bde248fd00edb94/a/6/a69310435d48e320106638f720f8902852b5fd8ea23ff893bc6d702ab4c401ec.jpg,https://store.nintendo.co.kr/media/catalog/product/cache/a7267a3b8c99c74f0bde248fd00edb94/c/3/c34c6a9e4430216833d589efbc7e3bed25665bd9e9232d7e4f51adb8e101d423.JPG,https://store.nintendo.co.kr/media/catalog/product/cache/a7267a3b8c99c74f0bde248fd00edb94/d/2/d22dcaf336a1b2668ce1d9570373655e4927942f1e5d8eb6ea6161bdeb2d3eb3.jpg,https://store.nintendo.co.kr/media/catalog/product/cache/a7267a3b8c99c74f0bde248fd00edb94/f/3/f31b2e01b8aed02f7f4286f85065d5a95f286af2506f8302aaeadd9373094e5a.jpg,https://store.nintendo.co.kr/media/catalog/product/cache/a7267a3b8c99c74f0bde248fd00edb94/9/2/92c0fbe332a7a51dc37cdd4d39dc5abc3ebd932f8cfc50e19f74ae7f02dd7a61.jpg,https://store.nintendo.co.kr/media/catalog/product/cache/a7267a3b8c99c74f0bde248fd00edb94/1/b/1bc20ae363251d3c23b87edda29ac3b366490d0951108417b392123470303aca.jpg,https://store.nintendo.co.kr/media/catalog/product/cache/a7267a3b8c99c74f0bde248fd00edb94/a/6/a69310435d48e320106638f720f8902852b5fd8ea23ff893bc6d702ab4c401ec.jpg","아케이드,슈팅",switch
https://store.nintendo.co.kr/70010000086958,Demon Slayer -Kimetsu no Yaiba- The Hinokami Chronicles 2,2025-08-01,https://store.nintendo.co.kr/media/catalog/product/cache/a7267a3b8c99c74f0bde248fd00edb94/c/1/c12bf51f2c57aa10dbbc2fde598ab490a9fd88f89d65697dd31435d86939fba7.jpg,"예약구입 상품입니다.

""인연""의 칼날로 악귀를 멸하라!
카마도 탄지로의 전투가 가정용 게임으로 다시 막을 올린다―――
【솔로 플레이 모드 -히노카미 혈풍담-: 애니메이션 '귀멸의 칼날' 세 편의 이야기를 체험!】
카마도 탄지로가 걸어온 이야기를 게임으로 체험하자.
TV 애니메이션 '귀멸의 칼날' 에서 '환락의 거리편', '도공 마을편', '합동 강화 훈련편' 의 에피소드를 수록!
탄지로와 동료들의 앞을 가로막는 상현 혈귀들에 맞서 함께 싸우자!

【버서스 모드 -대전-: 주, 집결】
귀살대 최고 계급인 검사 '주' 9명을 포함해 40명 이상의 캐릭터가 참전!
전작에 이어 '합체 오의'와 '장비'라는 신규 요소도 추가!
온라인 대전과 오프라인 대전을 통해 새로운 경지에 도달하자!

◆세트 구성
-귀멸의 칼날 히노카미 혈풍담2　게임 본편
-다운로드판 특전: 플레이어블 캐릭터 조기 해방권 '귀멸 학원·렌고쿠 쿄쥬로', '귀멸 학원·우즈이 텐겐'

◎저장 데이터 연동 특전
동일한 플랫폼의 『귀멸의 칼날 히노카미 혈풍담』 및 『귀멸의 칼날: 도전, 최강의 대원!』의 저장 데이터를 소지한 고객님께서는 아래의 특전이 증정됩니다.
-『귀멸의 칼날 히노카미 혈풍담』 저장 데이터 특전:
플레이어블 캐릭터 조기 해방권 '귀멸 학원·카마도 탄지로', '귀멸 학원·카마도 네즈코', '귀멸 학원·아가츠마 젠이츠', '귀멸 학원·하시비라 이노스케', '귀멸 학원·토미오카 기유', '귀멸 학원·코쵸우 시노부'
-『귀멸의 칼날: 도전, 최강의 대원!』 저장 데이터 특전:
플레이어블 캐릭터 조기 해방권 '히나츠루·마키오·스마'
게임 내 의상 조기 해방권 '히나츠루·마키오·스마【옷(식사 준비)】'

※플레이어블 캐릭터 조기 해방권은 버서스 모드에서 기재된 캐릭터를 처음부터 플레이할 수 있는 특전입니다.
※게임 내 의상은 버서스 모드에서 사용할 수 있습니다.
※저장 데이터 연동 특전은 동일한 플랫폼에서만 적용하실 수 있습니다.
※버서스 모드 ""대전""에서 온라인 플레이를 즐기기 위해서는 Nintendo Switch Online(유료)에 가입해야 합니다.
※온라인 기능을 이용하기 위해서는 최신 패치가 적용되어 있어야 합니다.
※내용 및 사양은 예고 없이 일부 변경될 수 있습니다.
※다운로드판 특전은 영구 부여되는 특전입니다.
※특전은 추후 별도로 배포될 수도 있습니다.

알림

이 소프트웨어에는 인터넷에 접속할 수 있는 환경과, Nintendo Switch Online 가입(유료)이 필요한 모드나 기능이 있습니다.

【예약 특전】
플레이어블 캐릭터 조기 해방권 '토키토 무이치로', '칸로지 미츠리'

※'예약 특전'은 발매 전날까지 예약하면 획득할 수 있습니다.","Demon Slayer -Kimetsu no Yaiba- The Hinokami Chronicles 2,귀멸의 칼날 히노카미 혈풍담2",SEGA,"https://store.nintendo.co.kr/media/catalog/product/cache/a7267a3b8c99c74f0bde248fd00edb94/c/1/c12bf51f2c57aa10dbbc2fde598ab490a9fd88f89d65697dd31435d86939fba7.jpg,https://store.nintendo.co.kr/media/catalog/product/cache/a7267a3b8c99c74f0bde248fd00edb94/9/0/9060182726699e23c4818d08728be4e8ab32934937315e04fce03cb1884ef43b.jpg,https://store.nintendo.co.kr/media/catalog/product/cache/a7267a3b8c99c74f0bde248fd00edb94/8/6/867bf83bda2344886a2161ac49d200b37b0874b63ac74f30732b9a031c16ef7d.jpg,https://store.nintendo.co.kr/media/catalog/product/cache/a7267a3b8c99c74f0bde248fd00edb94/6/8/68ddebb88a30a6ae1d3a3d8b32311cb31706b897c4977c23151f51d32dfe232c.jpg,https://store.nintendo.co.kr/media/catalog/product/cache/a7267a3b8c99c74f0bde248fd00edb94/b/c/bc51533f7b6d2f1c93964b8f5e22f5c2002da343d8e9183045244ca2d42f0d21.jpg,https://store.nintendo.co.kr/media/catalog/product/cache/a7267a3b8c99c74f0bde248fd00edb94/c/1/c12bf51f2c57aa10dbbc2fde598ab490a9fd88f89d65697dd31435d86939fba7.jpg","액션,격투",switch
https://store.nintendo.co.kr/70010000097421,WILD HEARTS S,2025-07-25,https://store.nintendo.co.kr/media/catalog/product/cache/a7267a3b8c99c74f0bde248fd00edb94/c/3/c319bbf900cb2f523f47ca10175ff41e496dce8df1f63068cf088ed134632642.jpg,"Nintendo Switch 2 상품입니다.

예약구입 상품입니다.

거대한 케모노에게 맞서는 헌팅 액션. 인터넷/로컬 통신 4인 멀티플레이에 대응. 다양한 ""카라쿠리""와 개성 넘치는 무기를 구사하여 케모노를 수렵하라!
■사냥꾼을 위협하는 아름답고 강대한 자연과 융합한 거대한 야수들
해당 제품에서는 다양한 케모노가 사냥꾼인 플레이어 앞에 나타납니다. 볼타는 용암, 휘몰아치는 눈보라, 널리 퍼지는 독기 ――― 아즈마의 가혹한 대지에서 살아남은 케모노들은 자연 그 자체와 다름없는 아름다우면서도 무시무시한 존재입니다. 강대한 자연의 화신인 케모노에 맞서는 동료들과 함께, ""카라쿠리""의 힘의 활용이 공략의 열쇠입니다.

■카라쿠리로 자유롭게 구축 변형 가능한 수렵터
카라쿠리의 실을 이어서 즉석에서 「상자」와 「활개」등의 기초적인 ""카라쿠리""를 제작할 수 있습니다. 카라쿠리를 조합하여, 「맹수를 꿰뚫는 칼날」, 「몸을 지키기 위한 방패」, 「적을 구속하는 함정」 등 사투에 도움이 되는 ""카라쿠리""로 발전시킬 수 있습니다. 필드에 계속 남는 ""카라쿠리""도 존재하며, 자유롭게 설치하여 수렵터를 플레이어가 직접 바꾸는 것도 가능합니다.

■다양한 전투 스타일과 커스터마이즈
다양각색의 무구가 등장.「노다치」와 「활」같은 평범한 무기부터「카라쿠리 카타나」와 「우산」같은 독특한 무기까지, 유일무이한 특징을 가진 무기가 등장합니다. 수렵에서 얻은 소재로 새로운 무구를 만들고 다시 수렵에 나서기를 반복하며 사냥꾼으로서 한층 강해지고, 수많은 거대한 야수들과의 전투에 임합니다.

■세계관・스토리
중세의 아즈마──
한 때 많은 사람들의 삶의 터였으나, 자연과 융합하여 독자적인 진화에 이른 케모노가
그 세력을 키워나간 결과, 현재는 대부분의 땅이 케모노의 영역에 집어삼켜지려 하고 있다.
긴 세월 케모노에게 맞설 수 있는 자가 없었으나,
한 사람의 막강한 사냥꾼의 출현이 희망의 빛이 된다.
강력한 무기와 고대의 기술「카라쿠리」를 구사하여, 압도적인 세력에 맞서 싸워라.
반격의 때가 도래했도다.",WILD HEARTS S,KOEI TECMO GAMES,"https://store.nintendo.co.kr/media/catalog/product/cache/a7267a3b8c99c74f0bde248fd00edb94/c/3/c319bbf900cb2f523f47ca10175ff41e496dce8df1f63068cf088ed134632642.jpg,https://store.nintendo.co.kr/media/catalog/product/cache/a7267a3b8c99c74f0bde248fd00edb94/6/6/66f757b1761af6dbf809d67fd3ed5e94b07799423a417af26f65b4bd5c46b2dc.jpg,https://store.nintendo.co.kr/media/catalog/product/cache/a7267a3b8c99c74f0bde248fd00edb94/0/c/0c1008526aec3d1fca4ca850300e212259ddeea76dfa9786b6493a481c9985ff.jpg,https://store.nintendo.co.kr/media/catalog/product/cache/a7267a3b8c99c74f0bde248fd00edb94/3/a/3a8acbfae40d021ceaa3469380ef26e15176fa0698694e5b374584321ada9a59.jpg,https://store.nintendo.co.kr/media/catalog/product/cache/a7267a3b8c99c74f0bde248fd00edb94/b/f/bf239fa0929770fc4a1c7316752bd27d38a132c8ae9071a1288bbc3636a80c63.jpg,https://store.nintendo.co.kr/media/catalog/product/cache/a7267a3b8c99c74f0bde248fd00edb94/6/f/6f20d34018843c717bb4f493e2896562a418f3505e06e84509a1866eedb32af9.jpg,https://store.nintendo.co.kr/media/catalog/product/cache/a7267a3b8c99c74f0bde248fd00edb94/c/3/c319bbf900cb2f523f47ca10175ff41e496dce8df1f63068cf088ed134632642.jpg","액션,RPG,어드벤처",switch
https://store.nintendo.co.kr/70010000097927,한국 드론 플라잉 투어 의왕시,2025-07-24,https://store.nintendo.co.kr/media/catalog/product/cache/a7267a3b8c99c74f0bde248fd00edb94/5/5/5589f8f3e632ec9af6c79f1f7bf623c953f50db291427ffedf5a29b329855399.jpg,"예약구입 상품입니다.

실제 촬영된 드론의 비행 영상을 바탕으로 드론을 직접 조작하는 시뮬레이션 게임! 스로틀 출력의 간단한 조작으로 실제 아름다운 자연의 경치를 고화질로 감상할 수 있다 
이 게임은 실제 비행 드론으로 촬영한 영상을 기반으로 실제 드론 비행을 경험할 수 있는 드론 시뮬레이션 게임입니다.
위, 아래, 왼쪽 또는 오른쪽 방향 조작이 없으며 드론 속도를 높이거나 낮추는 조작만 있습니다.
또한 드론의 비행모드를 노멀, 스포츠, 에코 3가지중에 수시로 변경하면서 비행할 수 있습니다.

한국 의왕시의 아름다운 풍경을 ""실제"" 영상으로 감상하세요!
비행 코스는 총 2개, 2개 지역입니다.
고화질 영상은 실제 자연의 분위기를 충실히 재현하여 게임에 대한 강한 몰입감을 제공합니다.
매끄럽고 사실적인 영상 재생으로 실제 드론 조종사가 된 것 같은 느낌을 받을 수 있습니다.
대용량! 한국의 아름다운 풍경을 보여주는 장소로 비행할 수 있습니다!
코스별 비행 모드와 뷰 모드 자동비행의 두 가지 플레이 모드가 지원됩니다. 업적 시스템도 존재합니다.
언제든지 집에서 한국을 방문하세요!
드론 비행 제어 경험과 멋진 자연 풍경을 즐기세요.
일본의 Zuiki에서 만든 Nintendo Switch™용 MasCon도 지원됩니다.",한국 드론 플라잉 투어 의왕시,14차원,"https://store.nintendo.co.kr/media/catalog/product/cache/a7267a3b8c99c74f0bde248fd00edb94/5/5/5589f8f3e632ec9af6c79f1f7bf623c953f50db291427ffedf5a29b329855399.jpg,https://store.nintendo.co.kr/media/catalog/product/cache/a7267a3b8c99c74f0bde248fd00edb94/5/5/5589f8f3e632ec9af6c79f1f7bf623c953f50db291427ffedf5a29b329855399.jpg,https://store.nintendo.co.kr/media/catalog/product/cache/a7267a3b8c99c74f0bde248fd00edb94/d/5/d5b402670d4b2e3d58692c917e5d195b85bee5c90c35cf31562002201d48f40f.jpg","아케이드,시뮬레이션,기타",switch
https://store.nintendo.co.kr/70010000098789,컬러링 픽셀: 콜렉션 6,2025-07-24,https://store.nintendo.co.kr/media/catalog/product/cache/a7267a3b8c99c74f0bde248fd00edb94/8/b/8b317602da3a7f225df22bd9be2c9b4081743f4a1768501f89b43c969032ca7d.jpg,"예약구입 상품입니다.

숫자로 편안한 색칠을 할 수 있는 게임. 테마, 복잡도 및 크기가 다양한 이미지를 즐겁게 완성해 보세요.
목표는 매우 간단합니다. 각 레벨에는 수많은 무색 픽셀이 존재하며 이를 색칠하기만 하면 됩니다. 각 픽셀에는 번호가 쓰여 있습니다. 이 숫자는 팔레트의 색상과 일치합니다. 팔레트에서 색상을 선택하고 해당하는 각 픽셀을 색칠하세요. 레벨의 모든 픽셀을 올바르게 색칠하여 완성해 보세요!

컬러링 픽셀: 콜렉션 6 은 긴장을 푸는 좋은 방법입니다. 편안하게 앉아서 휴식을 취해 보세요. 180개의 레벨로 즐거운 시간을 보낼 수 있습니다. 이 컬렉션에는 8개의 테마가 있는 책이 있습니다.

켈트족의 역사 책 - 패턴, 전통, 그리고 그 이상의 이야기! 이 역사 팩으로 켈트족의 역사를 탐험해 보세요!

등각 투영 3권 - 이 책에서는 세 번째로 등각 투영 시점으로 디자인된 다양한 이미지와 장면을 제공합니다!

정글북 - 우리 세계의 정글에서만 볼 수 있는 놀라운 야생 동물들의 이미지! 정글의 울창한 덤불 속에 숨겨진 경이로움을 탐험하고 발견할 준비를 하세요!

기계책 - 톱니바퀴, 기어, 피스톤, 세상에! 온갖 종류의 기계와 움직이는 부품의 이미지가 가득합니다!

미시적 책 - 이미지는 현미경으로 보는 사물입니다! 실험실 가운을 입고 가까이서 사물의 모습을 확인해 보세요!

오세아니아책 - 호주의 놀라운 문화들을 담은 이미지! 바다에 기반을 둔 이 대륙 전체를 픽셀 아트로 만나보세요!

반려동물책 - 개, 고양이, 도마뱀 등! 플레이어들이 제출한 실제 반려동물에서 영감을 받아 가장 귀여운 반려동물을 고르는 것은 불가능합니다!

비스타스 3 책- 이 는 이런 종류의 게임으로는 세 번째이며, 여러분이 좋아하는 풍경과 숲을 더욱 풍부하게 제공합니다!",컬러링 픽셀: 콜렉션 6,ToastieLabs,"https://store.nintendo.co.kr/media/catalog/product/cache/a7267a3b8c99c74f0bde248fd00edb94/8/b/8b317602da3a7f225df22bd9be2c9b4081743f4a1768501f89b43c969032ca7d.jpg,https://store.nintendo.co.kr/media/catalog/product/cache/a7267a3b8c99c74f0bde248fd00edb94/9/c/9c8649f68cdf2ec40a87781f9f2c1c2b539c52101248fd082262b476c89bdfcd.jpg,https://store.nintendo.co.kr/media/catalog/product/cache/a7267a3b8c99c74f0bde248fd00edb94/5/4/548569b1c5f1fcefe4c386299117f1d7eaf6c6cc949e63543092fa2bfa7bd92f.jpg,https://store.nintendo.co.kr/media/catalog/product/cache/a7267a3b8c99c74f0bde248fd00edb94/3/9/39e2d1a28a90568c202faee4b43cb3a96e511eca90a8f86170d6b4a8781fd536.jpg,https://store.nintendo.co.kr/media/catalog/product/cache/a7267a3b8c99c74f0bde248fd00edb94/3/0/300ab0c5a2cee582e079d99d1e3bc97b8082aece5a874b9abc7fb0249e325eeb.jpg,https://store.nintendo.co.kr/media/catalog/product/cache/a7267a3b8c99c74f0bde248fd00edb94/2/8/2893188e637d469b265bbc2facfbd071a7fb47973c598771d9d305b1148a01c8.jpg,https://store.nintendo.co.kr/media/catalog/product/cache/a7267a3b8c99c74f0bde248fd00edb94/8/b/8b317602da3a7f225df22bd9be2c9b4081743f4a1768501f89b43c969032ca7d.jpg","퍼즐,보드",switch
https://store.nintendo.co.kr/70010000096827,슈퍼 마리오 파티 잼버리+Nintendo Switch 2 Edition + 잼버리 TV,2025-07-24,https://store.nintendo.co.kr/media/catalog/product/cache/a7267a3b8c99c74f0bde248fd00edb94/4/7/47ae4733aefd9bef2ac4ddaede9d4fb31172f5dd870cd3391e32c823963f2700.jpg,"Nintendo Switch 2 상품입니다.

『슈퍼 마리오 파티 잼버리』에 Nintendo Switch 2에서만 가능한 놀거리가 새롭게 추가되어 파워 업!
■『슈퍼 마리오 파티 잼버리』
시리즈 사상 최대 볼륨의 파티가 개막!

새로운 마리오 파티의 무대는 거대한 리조트 아일랜드.

새로운 5개의 보드 이외에도 추가로 2개의 리메이크 보드가 등장합니다.

미니게임의 종류는 110가지 이상.
액션, 레이스, 두뇌 싸움 등 다양한 장르의 미니게임이 수록되어 있으며, Joy-Con을 흔들거나 기울이는 등의 다양한 조작 방법으로 즐길 수 있습니다.

게다가…! 시리즈 사상 최다인 20명이 경쟁하는 온라인 모드를 수록하여, 1위를 놓고 라이벌과 미니게임으로 승부할 수 있습니다.

20명이 경쟁하는 서바이벌에서 살아남을 수 있을 것인가…!",슈퍼 마리오 파티 잼버리+Nintendo Switch 2 Edition + 잼버리 TV,Nintendo,"https://store.nintendo.co.kr/media/catalog/product/cache/a7267a3b8c99c74f0bde248fd00edb94/4/7/47ae4733aefd9bef2ac4ddaede9d4fb31172f5dd870cd3391e32c823963f2700.jpg,https://store.nintendo.co.kr/media/catalog/product/cache/a7267a3b8c99c74f0bde248fd00edb94/4/7/47ae4733aefd9bef2ac4ddaede9d4fb31172f5dd870cd3391e32c823963f2700.jpg,https://store.nintendo.co.kr/media/catalog/product/cache/a7267a3b8c99c74f0bde248fd00edb94/b/9/b943d91fd40e856e3d7a8f952667b7171f49ac931c4014e04b030b8e1c43979c.jpg,https://store.nintendo.co.kr/media/catalog/product/cache/a7267a3b8c99c74f0bde248fd00edb94/e/8/e86335c6080582b87e4aa3ff56a6ed326d54b0a321c7ab2ac5e907f824cd71ef_1.jpg,https://store.nintendo.co.kr/media/catalog/product/cache/a7267a3b8c99c74f0bde248fd00edb94/a/3/a308da75bf20501a208ab9063fb7bba47c278e105ee7e5fdf955530d9a4e6d99_1.jpg,https://store.nintendo.co.kr/media/catalog/product/cache/a7267a3b8c99c74f0bde248fd00edb94/1/d/1d61e4b3248e697bef65816e73e59edda94d34439aad466229d6754cc2bbfed4_1.jpg",파티,switch
https://store.nintendo.co.kr/70010000097155,Shadow Labyrinth  Nintendo Switch 2 Edition,2025-07-17,https://store.nintendo.co.kr/media/catalog/product/cache/a7267a3b8c99c74f0bde248fd00edb94/4/a/4ad252bd984bf1a21b9d0194d12f1899468d18caf96d3c84fa688ee41682a673.jpg,"Nintendo Switch 2 상품입니다.

예약구입 상품입니다.

어둠을 집어삼켜라
본 제품은 구매 후 추가 요금 없이 Nintendo Switch 2 버전으로 업그레이드하실 수 있습니다.
업그레이드하시려면 Nintendo Switch 2의 닌텐도 e숍에서 업그레이드 패스를 다운로드하셔야 합니다.

【Nintendo Switch 2 Edition 내용】
・게임 본편
・Nintendo Switch 2 Edition 업그레이드 패스

※내용 및 사양은 예고 없이 변경될 수 있습니다.

팩맨의 유전자가 섞인 탐색형 2D 액션 게임 『Shadow Labyrinth (쉐도우 라비린스)』.

옛 전쟁의 유물이 남아있는 황폐화된 별에서, 수수께끼의 노란 구체 -PUCK- 에게 8번째 적합자로 소환된 주인공.

가혹한 세계에서 살아남기 위해 적을 먹어 치우며 그 운명을 개척하자.

【탐색】
끝을 알 수 없는 동굴, 울창하게 번식한 밀림, 끝없이 펼쳐진 황야.
심연에 감추어진 기묘한 땅과, 앞을 가로막는 수많은 강적에게 도전하며 어둠의 끝으로 향하자.

【액션】
적을 먹어 치우고 새로운 힘을 손에 넣어라.
강화와 커스터마이즈로 독자적인 전술을 찾아내 미궁을 공략하자.

【스토리】
수수께끼의 노란 구체 -PUCK- 의 인도를 받아, 머나먼 곳에 위치한 거대한 탑을 향하게 된다…
PUCK의 진짜 목적이 무엇인지, 무엇과 싸우고 있는지. 이 세계의 비밀을 풀어라.","Shadow Labyrinth  Nintendo Switch 2 Edition,쉐도우 라비린스",BANDAI NAMCO Entertainment,"https://store.nintendo.co.kr/media/catalog/product/cache/a7267a3b8c99c74f0bde248fd00edb94/4/a/4ad252bd984bf1a21b9d0194d12f1899468d18caf96d3c84fa688ee41682a673.jpg,https://store.nintendo.co.kr/media/catalog/product/cache/a7267a3b8c99c74f0bde248fd00edb94/9/5/955b696505b432d2d073eb8f914250f2fa2b01428300828e7db380e8e9b695ef.jpg,https://store.nintendo.co.kr/media/catalog/product/cache/a7267a3b8c99c74f0bde248fd00edb94/e/0/e0cbe5330cbee36999454f8ebb9d20feb0ea95efb5565bf3c80a77cd0b5b5562.jpg,https://store.nintendo.co.kr/media/catalog/product/cache/a7267a3b8c99c74f0bde248fd00edb94/3/6/36652663247aa3e1ade4fde0c08152f85e0048cafe6b904fe9c3f987bd1cb4ca.jpg,https://store.nintendo.co.kr/media/catalog/product/cache/a7267a3b8c99c74f0bde248fd00edb94/1/f/1f9270157a60a222bbe4ecbf552bd36dd5d949648fcea30603bd198bf9895a62.jpg,https://store.nintendo.co.kr/media/catalog/product/cache/a7267a3b8c99c74f0bde248fd00edb94/5/5/559c9eb4cf05be776d7287f66b0f0b049443cf8d9f090f30efde58796f876be0.jpg,https://store.nintendo.co.kr/media/catalog/product/cache/a7267a3b8c99c74f0bde248fd00edb94/4/a/4ad252bd984bf1a21b9d0194d12f1899468d18caf96d3c84fa688ee41682a673.jpg",액션,switch
https://store.nintendo.co.kr/70010000084029,HUNTER×HUNTER NEN×IMPACT,2025-07-17,https://store.nintendo.co.kr/media/catalog/product/cache/a7267a3b8c99c74f0bde248fd00edb94/2/4/24ac5f020da61f6d3c5f4c2e675255b76a3b4b7cef47ecce0e168894a86be1c6.jpg,"예약구입 상품입니다.

「헌터X헌터」최초의 본격 대전 격투 게임이 3vs3 넨 능력 팀 배틀로 등장! 
「헌터X헌터」최초의 본격 대전 격투 게임이 등장!

■3vs3 넨 능력 팀 배틀
본작은 3vs3 팀 배틀로,
캐릭터 간의 상성이나 팀 편성의 내용이 중요!
나만의 최강 팀으로 승리를 노리자!

■러시 콤보
러시 버튼을 누른 채로 버튼을 연타하는 것 만으로도 강력한 콤보를 구사할 수 있다!
손쉽게 상쾌한 러시 콤보를 즐기자!

■온라인 배틀
네트워크 상의 플레이어와 랭크 포인트를 걸고 진검승부!
보유 포인트에 대응하여 랭크가 변화한다! 「트리플 헌터」를 노려라!
또한 「G.I.카드」를 건 진검승부도 가능! 지정 포켓의 컴플리트를 노려라!

■스토리 모드
헌터X헌터 명장면의 요약판과, 상황에 맞춘 CPU와의 대전을 즐길 수 있다!
일부 스테이지는 튜토리얼 스테이지로 구성되어 있으므로, 우선 이 모드로 기본적인 플레이 방법을 파악하자!",HUNTER×HUNTER NEN×IMPACT,ARC SYSTEM WORKS,"https://store.nintendo.co.kr/media/catalog/product/cache/a7267a3b8c99c74f0bde248fd00edb94/2/4/24ac5f020da61f6d3c5f4c2e675255b76a3b4b7cef47ecce0e168894a86be1c6.jpg,https://store.nintendo.co.kr/media/catalog/product/cache/a7267a3b8c99c74f0bde248fd00edb94/5/7/572622324ce9bb582f8d321d7dcd37053122d7bcc1fbc3c8a3a106d4d5b282ad.jpg,https://store.nintendo.co.kr/media/catalog/product/cache/a7267a3b8c99c74f0bde248fd00edb94/6/c/6cf682ae7db00500db270a4c9cd0a23ef1391119aa959805bccb0964ff929743.jpg,https://store.nintendo.co.kr/media/catalog/product/cache/a7267a3b8c99c74f0bde248fd00edb94/4/8/4822f85252e6f716ffa0fa7b6406ba0447c6b053a8757c3a04402df4a10bf5b7.jpg,https://store.nintendo.co.kr/media/catalog/product/cache/a7267a3b8c99c74f0bde248fd00edb94/4/3/432a5bf3fbef6115bb675a83923aaa86e7a7c38200a2043fe97f6888b3eb1931.jpg,https://store.nintendo.co.kr/media/catalog/product/cache/a7267a3b8c99c74f0bde248fd00edb94/7/8/780509c7f707852056d54ed125dc43f99caea21280ac6a73f2226ce7ad34cd37.jpg,https://store.nintendo.co.kr/media/catalog/product/cache/a7267a3b8c99c74f0bde248fd00edb94/2/4/24ac5f020da61f6d3c5f4c2e675255b76a3b4b7cef47ecce0e168894a86be1c6.jpg","액션,격투",switch
https://store.nintendo.co.kr/70010000096811,동키콩 바난자,2025-07-17,https://store.nintendo.co.kr/media/catalog/product/cache/a7267a3b8c99c74f0bde248fd00edb94/f/3/f3e405e9e10d4ba787bbb27094e9d766e2b2c551c26ffa1b0d12c818a2ba37bf.jpg,"Nintendo Switch 2 상품입니다.

가로막는 모든 것을 때려 부숴라!
거대한 지하 세계를 ""파괴""의 힘으로 돌진하는, 동키콩의 새로운 3D 액션 게임이 등장!
앞길을 막는 적도, 눈에 들어오는 절경도, 유일무이한 파워로 마음대로 부술 수 있습니다.

▼황금 바나나를 찾아 거대한 지하 세계로
모험의 무대는 깊이에 따라 배경이 바뀌는 기묘한 지하 세계.
석양으로 물드는 황야, 식물이 군생하는 원시림, 눈이 휘몰아치는 혹한 지대 등 지하라고는 생각할 수 없을 정도의 웅장한 경치가 펼쳐져 있습니다.

▼적도 지형도, 모든 것을 부수고 돌진한다
동키콩의 힘으로 가로막는 적들은 물론, 벽과 지면 같은 지형마저 자유롭게 파괴할 수 있습니다.
궁금한 장소는 무작정 때려 보면 생각지도 못한 샛길이나 숨겨진 지역을 발견할 수 있을지도 모릅니다!",동키콩 바난자,Nintendo,"https://store.nintendo.co.kr/media/catalog/product/cache/a7267a3b8c99c74f0bde248fd00edb94/f/3/f3e405e9e10d4ba787bbb27094e9d766e2b2c551c26ffa1b0d12c818a2ba37bf.jpg,https://store.nintendo.co.kr/media/catalog/product/cache/a7267a3b8c99c74f0bde248fd00edb94/b/e/be39c94ae1ba33ce9c2736cf7529fdcb9a9426c316a83deecde93e770cda2859.jpg,https://store.nintendo.co.kr/media/catalog/product/cache/a7267a3b8c99c74f0bde248fd00edb94/e/b/eba9615b8201edf633ae7c3f4773ff0c4bdff86cdf5e28cbb572da02a9d0d341.jpg,https://store.nintendo.co.kr/media/catalog/product/cache/a7267a3b8c99c74f0bde248fd00edb94/5/0/50ff9cb2481ad813e3722416f27c28dc288bb3316e0bb7dc5a2c11f0b9511757.jpg,https://store.nintendo.co.kr/media/catalog/product/cache/a7267a3b8c99c74f0bde248fd00edb94/2/3/23a79ea8632da048738a33dbf17f666b4c1f64dcdc26f197595a0e088bc678ec.jpg,https://store.nintendo.co.kr/media/catalog/product/cache/a7267a3b8c99c74f0bde248fd00edb94/6/1/61be6bb58660f96893f1df5713faa8b75c63bbfa6c3b02a66747585ab8438646.jpg,https://store.nintendo.co.kr/media/catalog/product/cache/a7267a3b8c99c74f0bde248fd00edb94/2/b/2b26c97324f4f252bfafeb75737a50629f53a9b101594fa6ad8d207876053b77.jpg","액션,어드벤처",switch
https://store.nintendo.co.kr/70010000082518,The Wandering Village,2025-07-17,https://store.nintendo.co.kr/media/catalog/product/cache/a7267a3b8c99c74f0bde248fd00edb94/3/b/3b7d907310f3b75c5bf241b25f5a34204036fed034456efb9dbf6cde9d6b69be.jpg,"예약구입 상품입니다.

더 원더링 빌리지는 방랑하는 거대한 짐승의 등에서 이루어지는 도시 건설 시뮬레이션 게임입니다. 
수수께끼의 식물이 자라면서 유독성 포자를 내뿜으며 지구 전체에 퍼지고 있는 세상, 몇 안 되는 생존자로 이루어진 무리가 그들이 '온부'라 부르는, 거대하고 방랑하는 짐승의 등 위에서 피난처를 찾습니다.
그들의 지도자가 되어 정착지를 건설하고 온부와 공생 관계를 형성하여, 아름답지만 적대적인 포스트 아포칼립스 세상에서 함께 살아남으세요.

마을을 건설하세요.
제대로 된 마을이 생존의 필수요소입니다. 정착지를 건설하고 온부의 등 위에서 확장하세요. 생산 체인을 계획하고 제한된 공간을 최대한 효율적으로 활용할 수 있도록 최적화하세요. 어떤 도전도 이겨낼 수 있는 사회를 만들어 내세요.

짐승의 등에서 삶을 꾸려나가세요.
다른 생물의 등에 의존해 살아가는 것은 그 자체로 도전으로 다가올 것입니다. 공생하여 온부와 유대 관계를 맺으며 상호 신뢰적 관계로 살아가실 건가요? 아니면 마을 사람들의 더 나은 삶을 보장하기 위해서 기생충이 되실 건가요? 선택은 여러분의 몫입니다.

다양한 환경을 발견하세요.
각각의 독특한 기후를 가진 지역과 기회 및 위협이 있는 다양한 환경을 지나며 여행하고 마을을 지속적으로 적응시키세요. 환경을 정찰하고 희귀 자원과 고대 유물을 수집하기 위해 원정대를 보내세요.

새로운 기술을 연구하세요.
오랫동안 잊혀졌던 옛 세계의 잔재에는 주민들이 발굴해낼 수 있는 지식들이 있습니다. 이러한 기술을 찾고 연구하세요. 하지만 진보는 양날의 검이 될 수 있으니 현명하게 사용하세요.

황무지에서 살아남으세요.
비록 유독성 포자와 무자비한 날씨, 흡혈 기생충과 많은 도전들이 당신에게 불리하게 작용하겠지만, 당신의 주민과 온부 모두의 생존을 보장하세요.",The Wandering Village,Stray Fawn,"https://store.nintendo.co.kr/media/catalog/product/cache/a7267a3b8c99c74f0bde248fd00edb94/3/b/3b7d907310f3b75c5bf241b25f5a34204036fed034456efb9dbf6cde9d6b69be.jpg,https://store.nintendo.co.kr/media/catalog/product/cache/a7267a3b8c99c74f0bde248fd00edb94/2/c/2cbdab43bad591fd71439dfc259f8b02cdc8f1906b62a418c00cbc8f745595d5.jpg,https://store.nintendo.co.kr/media/catalog/product/cache/a7267a3b8c99c74f0bde248fd00edb94/b/a/ba00c1b18109c734e294ea1c8c741f020e8fb63da2482811c37b0f293612cea6.jpg,https://store.nintendo.co.kr/media/catalog/product/cache/a7267a3b8c99c74f0bde248fd00edb94/e/4/e44490e4b4f0f1d062a1698020bdad66294681e95821fa0f5d0afc2919fa52a4.jpg,https://store.nintendo.co.kr/media/catalog/product/cache/a7267a3b8c99c74f0bde248fd00edb94/3/e/3e5b19fd468cc5239959b6e9579bdfb140b4f2abcde743888a3b04f94efea0e3.jpg,https://store.nintendo.co.kr/media/catalog/product/cache/a7267a3b8c99c74f0bde248fd00edb94/0/1/018fafadf482055cde9e8a6a9c6741847469b9f6a60f10224f78929f2475eda1.jpg,https://store.nintendo.co.kr/media/catalog/product/cache/a7267a3b8c99c74f0bde248fd00edb94/d/d/dd0fdc5dfd3ec0af553053a8cb3c21fb3e29ef8df49117ab22eff4a5cc132f1c.jpg","전략,시뮬레이션",switch
https://store.nintendo.co.kr/70010000077048,Shadow Labyrinth,2025-07-17,https://store.nintendo.co.kr/media/catalog/product/cache/a7267a3b8c99c74f0bde248fd00edb94/6/4/6451698aa283e958b4e4a367019c82301795ef3c6bc938e4967b0d5de4b4902a.jpg,"예약구입 상품입니다.

어둠을 집어삼켜라
본 제품은 구매 후 추가 요금 없이 Nintendo Switch 2 버전으로 업그레이드하실 수 있습니다.
업그레이드하시려면 Nintendo Switch 2의 닌텐도 e숍에서 업그레이드 패스를 다운로드하셔야 합니다.

팩맨의 유전자가 섞인 탐색형 2D 액션 게임 『Shadow Labyrinth (쉐도우 라비린스)』.

옛 전쟁의 유물이 남아있는 황폐화된 별에서, 수수께끼의 노란 구체 -PUCK- 에게 8번째 적합자로 소환된 주인공.

가혹한 세계에서 살아남기 위해 적을 먹어 치우며 그 운명을 개척하자.

【탐색】
끝을 알 수 없는 동굴, 울창하게 번식한 밀림, 끝없이 펼쳐진 황야.
심연에 감추어진 기묘한 땅과, 앞을 가로막는 수많은 강적에게 도전하며 어둠의 끝으로 향하자.

【액션】
적을 먹어 치우고 새로운 힘을 손에 넣어라.
강화와 커스터마이즈로 독자적인 전술을 찾아내 미궁을 공략하자.

【스토리】
수수께끼의 노란 구체 -PUCK- 의 인도를 받아, 머나먼 곳에 위치한 거대한 탑을 향하게 된다…
PUCK의 진짜 목적이 무엇인지, 무엇과 싸우고 있는지. 이 세계의 비밀을 풀어라.","Shadow Labyrinth,쉐도우 라비린스",BANDAI NAMCO Entertainment,"https://store.nintendo.co.kr/media/catalog/product/cache/a7267a3b8c99c74f0bde248fd00edb94/6/4/6451698aa283e958b4e4a367019c82301795ef3c6bc938e4967b0d5de4b4902a.jpg,https://store.nintendo.co.kr/media/catalog/product/cache/a7267a3b8c99c74f0bde248fd00edb94/f/c/fca5eecaca084c18933626787727064ae1fd3f84af1ea7870e5b507988bdc2c4.jpg,https://store.nintendo.co.kr/media/catalog/product/cache/a7267a3b8c99c74f0bde248fd00edb94/4/4/443be27a1cc004d95a9013957b6459d3f1c9703acebc43e8f57f20a9e5e32598.jpg,https://store.nintendo.co.kr/media/catalog/product/cache/a7267a3b8c99c74f0bde248fd00edb94/2/5/2510dbeb0d7e2fa67132886c377b1c954fb6eec33cfb87207dbca2b4501c2ef5.jpg,https://store.nintendo.co.kr/media/catalog/product/cache/a7267a3b8c99c74f0bde248fd00edb94/4/f/4f167e751709e4c83f9b35f89afa66a4e6b856347794074d46c9cbbb5b9f7af6.jpg,https://store.nintendo.co.kr/media/catalog/product/cache/a7267a3b8c99c74f0bde248fd00edb94/b/7/b70bbf48ca7f5c169b43598bad95a46f0b205e6aa73efcae84b8391d423474b5.jpg,https://store.nintendo.co.kr/media/catalog/product/cache/a7267a3b8c99c74f0bde248fd00edb94/7/c/7cea75bf19dabd6185903268c299d0ac0a87b386cd30db83dd3148bbec1a4c39.jpg",액션,switch
https://store.nintendo.co.kr/70010000098986,Bendy and the Dark Revival,2025-07-10,https://store.nintendo.co.kr/media/catalog/product/cache/a7267a3b8c99c74f0bde248fd00edb94/7/e/7ef29361c83a4952a12fa3c0d868c2010315682eb9b34f1bbaa5a542acf93623.jpeg,"예약구입 상품입니다.

1인칭 서바이벌 호러 게임이며 많은 기대를 모았던 Bendy and the Ink Machine®의 속편입니다.
Bendy and the Dark Revival®은 1인칭 서바이벌 호러 게임으로 많은 기대를 모았던 Bendy and the Ink Machine®의 속편입니다. 오드리가 되어 완전히 미쳐버린 이상하고 소름 끼치는 애니메이션 스튜디오를 깊숙이 탐험해 보세요. 현실 세계로 돌아가는 길을 찾는 동시에 잉크로 오염된 적과 싸우고 퍼즐을 풀고 주위에 도사리고 있는 잉크 악마를 피하세요. 이 황폐한 그림자와 잉크의 세계에서 누구를 만날지, 다음 장소에서 무슨 일이 일어날지는 결코 알 수 없습니다.

진실을 밝히세요. 스튜디오에서 탈출하세요. 가장 중요한 것은 잉크 악마를 예의주시하고... 살아남는 것입니다.",Bendy and the Dark Revival,Joey Drew Studios,"https://store.nintendo.co.kr/media/catalog/product/cache/a7267a3b8c99c74f0bde248fd00edb94/7/e/7ef29361c83a4952a12fa3c0d868c2010315682eb9b34f1bbaa5a542acf93623.jpeg,https://store.nintendo.co.kr/media/catalog/product/cache/a7267a3b8c99c74f0bde248fd00edb94/8/1/811cf12120528c687eb0694eb67a7c65244129f5d242b72db57dba93853054c3.jpeg,https://store.nintendo.co.kr/media/catalog/product/cache/a7267a3b8c99c74f0bde248fd00edb94/8/5/85af087d074fe757c84def4ce41614d191b16c5f8a843a8385578ba378d61314.jpeg,https://store.nintendo.co.kr/media/catalog/product/cache/a7267a3b8c99c74f0bde248fd00edb94/6/8/684f6859087c22172a24d212073e7bb9fd83779cf90622968e37b9545a415619.jpg,https://store.nintendo.co.kr/media/catalog/product/cache/a7267a3b8c99c74f0bde248fd00edb94/b/3/b3376e745f63568dae1821390266bf511fae7e9cbddde531f191df844fd7a113.jpeg,https://store.nintendo.co.kr/media/catalog/product/cache/a7267a3b8c99c74f0bde248fd00edb94/f/0/f003b77bdcb1b84f446c0ba164e32e7397e1397f0e1d8b4e8b7f2dbf95a90444.jpg,https://store.nintendo.co.kr/media/catalog/product/cache/a7267a3b8c99c74f0bde248fd00edb94/5/b/5bffe939e651e10ac9c2f5b181bc0d10727674ab03440dcf1626ef34d8e0a940.jpg","액션,어드벤처,기타",switch
https://store.nintendo.co.kr/70010000095817,Missile Command Delta,2025-07-10,https://store.nintendo.co.kr/media/catalog/product/cache/a7267a3b8c99c74f0bde248fd00edb94/0/e/0e52915371022ed4ddabd90237f8c28fa9ba711c51d9d1a087731d400a5fa99e.jpg,"예약구입 상품입니다.

미사일이 날아옵니다. 중대한 순간입니다. 오직 당신만이 이 파멸을 막을 수 있습니다. 
Mighty Yell과 13AM Games의 팀이 Atari의 대표작을 새롭게 해석해 제한된 방어 수단을 치밀하게 관리하여 라운드마다 날아오는 미사일을 막아내는 박진감 넘치는 턴제 택티컬 게임으로 재탄생시켰습니다.

Missile Command Delta는 아케이드 원작의 긴장감과 스릴을 유지하는 한편, 완전히 새로운 접근 방식의 게임플레이를 선사합니다. 단 한 번의 실수도 엄청난 결과로 이어질 수 있기에, 매 수를 전략적으로 선택해야 합니다. 이 턴제 전략 게임은 반전 가득한 서사형 스릴러로 구성되어 있어 미스터리를 즐기는 플레이어, 한번 시작한 것은 끝을 봐야 하는 플레이어, 탐험과 퍼즐 풀기를 즐기는 플레이어에게 안성맞춤입니다.

다음 미사일 경보가 울리기 전에 지하 벙커를 탐사하여 잠긴 방을 열고, 비밀을 파헤치며, 전력을 강화하세요. 너무 늦기 전에 미스터리를 밝혀낼 자신이 있나요?

특징

- 턴제 전략 게임: 독특한 전략 플레이를 선사합니다. 벙커를 더 깊숙이 탐험하면서 새로운 미사일과 적 유형을 발견하게 됩니다.

- 방어 전략 구상: 단 한 번의 실수도 파멸로 이어질 수 있기에 매 턴 신중한 판단이 필요합니다. 최대한 자원을 아끼기 위해 다음 수를 계획하고, 다수의 적 미사일을 막아내는 연쇄 폭발을 구상해야 합니다.

- 중대한 미스터리: 의미심장한 서사형 퍼즐로 구성된 턴제 공략 게임입니다. 모든 문서를 읽고, 매사에 조심하고, 모든 퍼즐을 풀어야만 [검열삭제]할 수 있습니다.

- 냉전 체험: 먼지 쌓인 지휘 콘솔과 슈퍼컴퓨터로 연출된 폐쇄적인 레트로 미래 감성이 냉전 시대의 망상과 불안을 느낄 수 있게 해줍니다.",Missile Command Delta,Atari,"https://store.nintendo.co.kr/media/catalog/product/cache/a7267a3b8c99c74f0bde248fd00edb94/0/e/0e52915371022ed4ddabd90237f8c28fa9ba711c51d9d1a087731d400a5fa99e.jpg,https://store.nintendo.co.kr/media/catalog/product/cache/a7267a3b8c99c74f0bde248fd00edb94/1/d/1dc44791db7bdcf6bf2d959621da245ac49bf3a9cd8d72f0c222df72489119fb.jpg,https://store.nintendo.co.kr/media/catalog/product/cache/a7267a3b8c99c74f0bde248fd00edb94/4/0/4022d0c5890435ba19ced231635f40d0f912230436c1e20d8ab3e965139939be.jpg,https://store.nintendo.co.kr/media/catalog/product/cache/a7267a3b8c99c74f0bde248fd00edb94/5/a/5a43a0ed6e8f32c22f5c3b643644d25b62a441b3363fff408312a816fb05444e.jpg,https://store.nintendo.co.kr/media/catalog/product/cache/a7267a3b8c99c74f0bde248fd00edb94/6/4/64d9bb747d4931fe4772093bff128b7f581f16c065e7dbb2dda9169c6976acec.jpg,https://store.nintendo.co.kr/media/catalog/product/cache/a7267a3b8c99c74f0bde248fd00edb94/0/5/0576bba7d0098564dde07e15b778fda0d4f88601c1b8e125fa040f6e1a721f09.jpg,https://store.nintendo.co.kr/media/catalog/product/cache/a7267a3b8c99c74f0bde248fd00edb94/0/e/0e52915371022ed4ddabd90237f8c28fa9ba711c51d9d1a087731d400a5fa99e.jpg","어드벤처,전략,퍼즐",switch
https://store.nintendo.co.kr/70010000097481,한국 드론 플라잉 투어 북리선착장,2025-07-10,https://store.nintendo.co.kr/media/catalog/product/cache/a7267a3b8c99c74f0bde248fd00edb94/2/4/24ba59544adb642e00afa1900f2b339ce9a3017ab42ab02719ddac814d115b27.jpg,"예약구입 상품입니다.

실제 촬영된 드론의 비행 영상을 바탕으로 드론을 직접 조작하는 시뮬레이션 게임! 스로틀 출력의 간단한 조작으로 실제 아름다운 자연의 경치를 고화질로 감상할 수 있다 
이 게임은 실제 비행 드론으로 촬영한 영상을 기반으로 실제 드론 비행을 경험할 수 있는 드론 시뮬레이션 게임입니다.
위, 아래, 왼쪽 또는 오른쪽 방향 조작이 없으며 드론 속도를 높이거나 낮추는 조작만 있습니다.
또한 드론의 비행모드를 노멀, 스포츠, 에코 3가지중에 수시로 변경하면서 비행할 수 있습니다.

한국 북리선착장의 아름다운 풍경을 ""실제"" 영상으로 감상하세요!
비행 코스는 총 2개, 2개 지역입니다.
고화질 영상은 실제 자연의 분위기를 충실히 재현하여 게임에 대한 강한 몰입감을 제공합니다.
매끄럽고 사실적인 영상 재생으로 실제 드론 조종사가 된 것 같은 느낌을 받을 수 있습니다.
대용량! 한국의 아름다운 풍경을 보여주는 장소로 비행할 수 있습니다!
코스별 비행 모드와 뷰 모드 자동비행의 두 가지 플레이 모드가 지원됩니다. 업적 시스템도 존재합니다.
언제든지 집에서 한국을 방문하세요!
드론 비행 제어 경험과 멋진 자연 풍경을 즐기세요.
일본의 Zuiki에서 만든 Nintendo Switch™용 MasCon도 지원됩니다.",한국 드론 플라잉 투어 북리선착장,14차원,"https://store.nintendo.co.kr/media/catalog/product/cache/a7267a3b8c99c74f0bde248fd00edb94/2/4/24ba59544adb642e00afa1900f2b339ce9a3017ab42ab02719ddac814d115b27.jpg,https://store.nintendo.co.kr/media/catalog/product/cache/a7267a3b8c99c74f0bde248fd00edb94/2/4/24ba59544adb642e00afa1900f2b339ce9a3017ab42ab02719ddac814d115b27.jpg,https://store.nintendo.co.kr/media/catalog/product/cache/a7267a3b8c99c74f0bde248fd00edb94/9/0/908b2afdfa8c5d8b18b8a699f393f4c71c7a3f733511c72da0fe3718ff585275.jpg","아케이드,시뮬레이션,기타",switch
https://store.nintendo.co.kr/70010000086897,ISLANDERS: New Shores,2025-07-10,https://store.nintendo.co.kr/media/catalog/product/cache/a7267a3b8c99c74f0bde248fd00edb94/8/a/8afab0fa1eaee55d66c2485a822b24508172d34889aa5184b4c7594212938073.jpg,"예약구입 상품입니다.

아일랜더스: 새로운 해안에 오신 것을 환영합니다. 신선한 창의성을 불러일으키고 클래식한 매력을 간직한 신나는 새 기능으로 차분한 미니멀리스트 세계에 섬 휴양지를 건설해 보세요.
사랑받는 미니멀리스트 도시 건설 프랜차이즈의 다음 장이 도착했습니다. 아일랜더스: 새로운 해안이 확장된 게임플레이, 아름다운 비주얼, 원작의 매력을 기반으로 한 다양한 새 기능으로 재해석된 평화로운 창의성의 세계로 여러분을 초대합니다.

오랜 팬은 물론 새로운 팬 여러분 모두 전에 없던 새로운 방식으로 탐험하고 건설하고 전략을 세울 준비를 해주세요.

50개의 독특한 레벨에서 꿈에 그리던 도시를 건설하세요
6가지의 다양한 생물 군계에서 44개 이상의 건물 유형을 만나보세요. 각 건물 유형에는 4가지의 화사한 색상을 적용할 수 있어 원하는 대로 전략을 세우고 진정으로 유일무이한 도시를 만들어 낼 수 있습니다.

플레이 모드를 선택하세요. 고득점 모드를 선택하여 경쟁적인 반전을 이끌어 내거나, 샌드박스 모드를 선택하여 창의성의 날개를 펼쳐보세요.

새로운 기능을 갖춘 세계를 경험하세요

사진 모드 - 마음대로 적용할 수 있는 필터와 턴테이블 카메라를 사용하여 직접 건설한 아름다운 섬의 사진을 찍고 공유하세요.

확장된 사운드트랙 - 건설 모험에 완벽한 분위기를 더하는 75분 분량의 오리지널 음악을 감상하세요.

동적 득점 시스템 - 시야, 거리 보너스, 섬 간 전략과 같은 혁신적인 득점 방식을 마스터하여 게임플레이 경험을 향상시키세요.

부스터 - 게임을 진행하며 독특한 전략적 이점을 제공하는 일회용 파워업을 잠금 해제하세요.

Twitch 통합 - 이제 스트리머 여러분은 게임에 내장된 상호작용형 기능을 통해 시청자와 직접 소통할 수 있습니다.

경험을 향상시키는 시각적 점검
아일랜더스: 새로운 해안은 미니멀리스트의 미학을 완전히 재해석하여 심오하고 전략적인 게임플레이를 보완하는 시각적 향연을 선보입니다. 휴식을 취하든, 건설 실력을 시험하든, 새로운 해안은 모두 창의성을 펼칠 수 있는 새하얀 캔버스가 됩니다.

주요 특징
- 두 가지 모드: 고득점 및 샌드박스(별도 저장)
- 44개의 독특한 건물 유형, 7개의 섬 속성
- 무한한 다양성을 제공하는 50개의 동적 섬 생성기
- 필터 및 턴테이블 카메라를 갖춘 사진 모드
- 75분 분량의 몰입감 넘치는 오리지널 음악
- 부스터: 새로운 일회용 파워업으로 전략적인 게임플레이
- 영리한 전술을 보상하는 고급 득점 시스템
- Twitch 통합으로 상호작용형 스트리밍 경험

아일랜더스: 새로운 해안에서는 모든 섬이 새로운 모험이며, 모든 도전이 특별한 창조물을 만드는 기회가 됩니다.","ISLANDERS: New Shores,아일랜더스: 새로운 해안",Coatsink Software,"https://store.nintendo.co.kr/media/catalog/product/cache/a7267a3b8c99c74f0bde248fd00edb94/8/a/8afab0fa1eaee55d66c2485a822b24508172d34889aa5184b4c7594212938073.jpg,https://store.nintendo.co.kr/media/catalog/product/cache/a7267a3b8c99c74f0bde248fd00edb94/5/6/563a014fd770473f46b3b88b17fd18679cbbe2599329e3af468312acc7b6824d.jpg,https://store.nintendo.co.kr/media/catalog/product/cache/a7267a3b8c99c74f0bde248fd00edb94/3/9/394ab2aa55c16c8a34fbf39ac06fed60f0d2f14838588151d421334cd5b3e942.jpg,https://store.nintendo.co.kr/media/catalog/product/cache/a7267a3b8c99c74f0bde248fd00edb94/a/6/a6a5ae91c7f93aea99d0f241bcd952e553359da8567d1a9f215e4192cea29e97.jpg,https://store.nintendo.co.kr/media/catalog/product/cache/a7267a3b8c99c74f0bde248fd00edb94/9/c/9cc7f2304261079b10f0d8044354863e42dbdaf68365a386f1f289803d05ad64.jpg,https://store.nintendo.co.kr/media/catalog/product/cache/a7267a3b8c99c74f0bde248fd00edb94/d/1/d1fd215b97f355f086e5e4acf142871842edd68d6bda70d6ec16eb8821e39381.jpg","전략,퍼즐,시뮬레이션",switch
https://store.nintendo.co.kr/70010000097940,한국 드론 플라잉 투어 광주시,2025-07-03,https://store.nintendo.co.kr/media/catalog/product/cache/a7267a3b8c99c74f0bde248fd00edb94/5/5/5584ed6a74721091b504c43915a2bf62d38aa5d44bd17435e25243b7cf1e0f51.jpg,"예약구입 상품입니다.

실제 촬영된 드론의 비행 영상을 바탕으로 드론을 직접 조작하는 시뮬레이션 게임! 스로틀 출력의 간단한 조작으로 실제 아름다운 자연의 경치를 고화질로 감상할 수 있다 
이 게임은 실제 비행 드론으로 촬영한 영상을 기반으로 실제 드론 비행을 경험할 수 있는 드론 시뮬레이션 게임입니다.
위, 아래, 왼쪽 또는 오른쪽 방향 조작이 없으며 드론 속도를 높이거나 낮추는 조작만 있습니다.
또한 드론의 비행모드를 노멀, 스포츠, 에코 3가지중에 수시로 변경하면서 비행할 수 있습니다.

한국 광주시의 아름다운 풍경을 ""실제"" 영상으로 감상하세요!
비행 코스는 총 2개, 2개 지역입니다.
고화질 영상은 실제 자연의 분위기를 충실히 재현하여 게임에 대한 강한 몰입감을 제공합니다.
매끄럽고 사실적인 영상 재생으로 실제 드론 조종사가 된 것 같은 느낌을 받을 수 있습니다.
대용량! 한국의 아름다운 풍경을 보여주는 장소로 비행할 수 있습니다!
코스별 비행 모드와 뷰 모드 자동비행의 두 가지 플레이 모드가 지원됩니다. 업적 시스템도 존재합니다.
언제든지 집에서 한국을 방문하세요!
드론 비행 제어 경험과 멋진 자연 풍경을 즐기세요.
일본의 Zuiki에서 만든 Nintendo Switch™용 MasCon도 지원됩니다.",한국 드론 플라잉 투어 광주시,14차원,"https://store.nintendo.co.kr/media/catalog/product/cache/a7267a3b8c99c74f0bde248fd00edb94/5/5/5584ed6a74721091b504c43915a2bf62d38aa5d44bd17435e25243b7cf1e0f51.jpg,https://store.nintendo.co.kr/media/catalog/product/cache/a7267a3b8c99c74f0bde248fd00edb94/a/8/a8ccf4b2ffb252055a5002b0b45bf0a9352efe00b8b3bd4aa6c951a398699561.jpg,https://store.nintendo.co.kr/media/catalog/product/cache/a7267a3b8c99c74f0bde248fd00edb94/5/5/5584ed6a74721091b504c43915a2bf62d38aa5d44bd17435e25243b7cf1e0f51.jpg","아케이드,시뮬레이션,기타",switch
https://store.nintendo.co.kr/70010000096530,Battle Rockets,2025-07-03,https://store.nintendo.co.kr/media/catalog/product/cache/a7267a3b8c99c74f0bde248fd00edb94/5/0/501fa2132ee812475581672a8401d06d2b959fa95e89e93eaa6083e00e4abdfb.jpg,"예약구입 상품입니다.

두 장르가 하나로 합쳐지면? 바로 Battle Rockets™!
독특한 ""SHMUP 파이터""가 탄생했습니다!
열두 명의 콘솔탠 파이터 중 하나를 선택하여 친구와… 혹은 적과 배틀을 벌이세요!

듀얼 쇼크 (Duel Shock)
상대의 HP를 전부 깎아라! HP가 0이 되면 승리!

쇼트 퓨즈 (Short Fuse)
5라운드, 5번의 선제공격 기회! 가장 많은 라운드를 따낸 플레이어가 승자!

캐시 그래브 (Cash Grab)
최대한 많은 코인을 모으거나 상대의 주머니에서 코인을 빼앗으세요. 단, 제한 시간에 주의!

또는 8가지 싱글 플레이 챌린지에 도전해 보세요. 이 미니게임들은 콘솔탠의 세계관을 확장해 주며, 당신의 실력을 연마할 기회를 제공합니다.
더 어려운 도전을 원한다면 ‘슈퍼 챌린지’에서 원본 8개 챌린지를 한층 더 높은 난이도로 즐겨보세요!",Battle Rockets,Elushis,"https://store.nintendo.co.kr/media/catalog/product/cache/a7267a3b8c99c74f0bde248fd00edb94/5/0/501fa2132ee812475581672a8401d06d2b959fa95e89e93eaa6083e00e4abdfb.jpg,https://store.nintendo.co.kr/media/catalog/product/cache/a7267a3b8c99c74f0bde248fd00edb94/5/5/55fea1b7af41867af75d0496c79bbd9e91eab5c47173c8f2c7d3075ab8d13979.jpg,https://store.nintendo.co.kr/media/catalog/product/cache/a7267a3b8c99c74f0bde248fd00edb94/0/b/0b5c7eaac28d9d83234cd252404297872b4819af7af66f29b4a2109127d85158.jpg,https://store.nintendo.co.kr/media/catalog/product/cache/a7267a3b8c99c74f0bde248fd00edb94/f/3/f3f3baae25af0dde1720a6cba55e7dcc237703876b60cf7dde7ddae72309c9cc.jpg,https://store.nintendo.co.kr/media/catalog/product/cache/a7267a3b8c99c74f0bde248fd00edb94/2/3/2317fb5d8decf2465ace68494d9bcaa23d1aacfde4517590d152145e9004ec1d.jpg","파티,아케이드,격투,슈팅",switch
https://store.nintendo.co.kr/70010000075649,Into The Emberlands,2025-07-03,https://store.nintendo.co.kr/media/catalog/product/cache/a7267a3b8c99c74f0bde248fd00edb94/e/0/e0d615d8aded3ce69dc9ae036e67d08ece2f39852dcaa887a5a543406bb77aa3.jpg,"예약구입 상품입니다.

매혹적인 Into The Emberlands 세계로 어서 오세요. 매혹적인 낵의 고향을 재건하는 포근한 탐험 게임입니다.
당신은 선택받은 빛의 기수로서, 독기 안을 탐험할 수 있게 해주는 빛의 잉걸불로 채워진 랜턴을 장착할 수 있습니다.
잊힌 낵을 되살리고, 마을을 재건하고 확장하기 위한 자원을 수집하세요!

하지만 주의해야 합니다. 잉걸불 랜턴이 꺼지면, 당신은 다음 빛의 기수가 당신을 찾을 때까지 독기 속에서 길을 잃고 헤매야 하니까요...

탐험

• 매혹적인 낵 마을에서 여정을 시작하세요.
• 작은 모험과 커다란 놀라움으로 가득한, 끝없이 확장되는 세계를 탐험하세요.
• 절차적으로 생성된 세계에서 다양한 생물군을 탐험하세요. 끝없는 리플레이가 가능하죠
• 생명과 비밀로 가득한 빛나는 독기 속 숨겨진 풍경을 발견하세요.

조우

• 독특하고 신비한 생명체와 조우하세요.
• 엠버랜드의 다양한 주민을 도와주면, 장비를 위한 자원과 귀중한 업그레이드로 보답할 거예요!
• 낵이 독기 속에서 길을 잃지 않도록 잘 살피고, 당신의 빛을 따라 집으로 안전하게 돌아갈 수 있도록 안내하세요.

확장

• 주민을 위해 마을을 재건하고 확장해 안전한 피난처를 제공하세요
• 모은 자원을 사용해 새로운 집과 편의 시설을 짓고 마을을 업그레이드하세요.
• 미래의 모험을 위한 기반을 마련하세요. 새로운 건물과 상인은 다음 임무를 유리하게 출발할 수 있게 해줍니다.",Into The Emberlands,Daedalic Entertainment,"https://store.nintendo.co.kr/media/catalog/product/cache/a7267a3b8c99c74f0bde248fd00edb94/e/0/e0d615d8aded3ce69dc9ae036e67d08ece2f39852dcaa887a5a543406bb77aa3.jpg,https://store.nintendo.co.kr/media/catalog/product/cache/a7267a3b8c99c74f0bde248fd00edb94/e/d/edb42a2f1d3abafb4a6e847d489dd1bc6b08e29485864d93770647b94cc464be.jpg,https://store.nintendo.co.kr/media/catalog/product/cache/a7267a3b8c99c74f0bde248fd00edb94/5/3/53f5f9986126a26367dbdc5c6f9d5bad9c8b2f4ba45073f1b8e04bc7e16671f5.jpg,https://store.nintendo.co.kr/media/catalog/product/cache/a7267a3b8c99c74f0bde248fd00edb94/7/9/795c5cc50f75bbe8fc43c18203c71f517718f363e10e5c9d0b3799de7118b1a1.jpg,https://store.nintendo.co.kr/media/catalog/product/cache/a7267a3b8c99c74f0bde248fd00edb94/4/8/48901e7d766f31d7b35bb4ae474140dcf9ea0677023e5a9a620df384bc317808.jpg,https://store.nintendo.co.kr/media/catalog/product/cache/a7267a3b8c99c74f0bde248fd00edb94/4/a/4ab4f17aaa4e75bfc33917be4a16c74536352eee4a226d94046bccca70ff56f2.jpg,https://store.nintendo.co.kr/media/catalog/product/cache/a7267a3b8c99c74f0bde248fd00edb94/4/b/4b151619b8744a3fb710bab0644dc450981917c061cd29e1016e4d07a0eb5b7a.jpg","어드벤처,퍼즐",switch
https://store.nintendo.co.kr/70010000087773,No Heroes Here 2,2025-07-03,https://store.nintendo.co.kr/media/catalog/product/cache/a7267a3b8c99c74f0bde248fd00edb94/8/b/8bf0d4baccb136c260dd6925888c02b80a757b963f52ece142194fc6b00bc232.jpeg,"예약구입 상품입니다.

이 혼란스러운 협동 타워 디펜스 게임에서 모험가가 아닌 평범한 이들로 이루어진 그룹이 성을 지키는 마지막 희망입니다.
친구들을 모아 방어선을 사수하라!!!

이 혼란스러운 협동 타워 디펜스 게임에서 모험가가 아닌 평범한 이들로 이루어진 그룹이 성을 지키는 마지막 희망입니다. 최대 4명의 플레이어와 함께 파티를 구성하여 성을 정비하고, 팀워크로 탄약을 제작하며, 적들을 공격해 왕국을 수호하세요!

계획하고, 제작하고, 성을 방어하라!

팀워크의 힘으로 15라운드 동안 몰려오는 적의 무리를 막아내세요. 매일 성의 작업대를 준비하고, 방어 시설을 강화하며, 각 상황에 맞는 최고의 변수를 선택해 승리를 쟁취하세요.

영웅이 없어도 괜찮아! 우리가 구한다!

이 중세 세계를 모험하며 어릿광대, 공주 같은 익숙한 얼굴은 물론 연금술사, 의사처럼 비영웅적인 신규 인물들을 동료로 영입하세요. 영웅이 아니더라도 하루쯤은 세상을 구할 수 있는 법입니다!

왕국의 운명은 당신의 손에!

각기 다른 메커니즘과 적, 개성을 지닌 세 개의 왕국을 방어하세요. 전형적인 중세 왕국 ‘누블랜드’, 얼어붙은 땅 ‘트롤메리아’, 그리고 버섯이 가득 퍼진 ‘퐁가리아’의 성들을 지켜내야 합니다.

중세 무기고를 마음껏 활용하라!

쉬움, 보통, 어려움의 난이도로 나뉜 30개의 성에서 플레이하세요. 왕국을 선택하고, 대포, 새총, 심지어 적 무리를 불태울 아기 용까지 다양한 무기 중 하나를 골라 전투에 나서세요!",No Heroes Here 2,Mad Mimic,"https://store.nintendo.co.kr/media/catalog/product/cache/a7267a3b8c99c74f0bde248fd00edb94/8/b/8bf0d4baccb136c260dd6925888c02b80a757b963f52ece142194fc6b00bc232.jpeg,https://store.nintendo.co.kr/media/catalog/product/cache/a7267a3b8c99c74f0bde248fd00edb94/e/e/eedef87c04739c8835aea3fbb15dd7d34ec071c97ab695991700700834871a88.jpeg,https://store.nintendo.co.kr/media/catalog/product/cache/a7267a3b8c99c74f0bde248fd00edb94/a/e/aeb553aa02fc5b8e59ee8db7f68c65331634569ac059a3993b00507cac89eecb.jpeg,https://store.nintendo.co.kr/media/catalog/product/cache/a7267a3b8c99c74f0bde248fd00edb94/5/0/50aea97b33d45e946218afdf86dabc0472bc4b0a8fe89bc7f5517c328867107c.jpeg,https://store.nintendo.co.kr/media/catalog/product/cache/a7267a3b8c99c74f0bde248fd00edb94/0/e/0e12d586c5ae75cf31996e14ddc0021853ae0305ec9444b6185090f765041bef.jpeg,https://store.nintendo.co.kr/media/catalog/product/cache/a7267a3b8c99c74f0bde248fd00edb94/8/b/8bf0d4baccb136c260dd6925888c02b80a757b963f52ece142194fc6b00bc232.jpeg","액션,파티,전략,커뮤니케이션",switch
https://store.nintendo.co.kr/70010000095767,Until Then,2025-06-27,https://store.nintendo.co.kr/media/catalog/product/cache/a7267a3b8c99c74f0bde248fd00edb94/5/f/5f2ac0c2d9d00a9a3347b49219e76db1c9e14c4475db957a0c4634a1fc693335.jpg,"예약구입 상품입니다

아직 멸망하지 않은 세상.
대재앙의 여파에서 아직 온전히 벗어나지 못한 세상에서 고등학교에 다니는 마크 보르자와 친구들은 즐거움과 슬픔이 뒤섞인 한 해를 보냅니다. 평범한 십대의 침실에서 깨어나 피아노를 연습하고, 기한 내에 맞춰 숙제를 하고, 주변 사람들과의 관계를 쌓거나 망치기도 하면서, 하루하루가 질풍노도의 시기였던 고교 생활을 추억해 보세요.

그러던 어느 날, 운명적인 만남이 연쇄 작용을 일으키면서 마크의 삶이 송두리째 바뀌어 버립니다. 사람들은 사라지고, 기억은 믿을 수 없는 상황. 마크와 그의 친구들과 함께 숨겨진 진실을 파헤치는 내러티브 어드벤처 게임에서 늦기 전에 모든 수수께끼를 밝히는 데 도전해 보세요.

나만의 모험 플레이
개성이 넘치면서도 애틋할 정도로 친숙한 캐릭터들을 직접 만나거나, 문자 또는 이메일로 대화합니다. 서로를 알아가며 친해지고, 조별 과제를 망치기도 하면서 펼쳐지는 자신과 친구들 각자의 개별 스토리를 감상하세요.

매일 사용하는 물질 문명으로 배경 탐색
좋아요나 댓글을 남기면 그에 따른 결과가 파생되는 SNS의 세계를 깊이 탐험합니다. 게임 내 스마트폰으로 SNS 게시물, 이메일, 웹페이지 등을 탐색하면서 주변 사람들과 환경에 대한 힌트와 단서를 발견할 수도 있습니다. 친구들이나 동급생, 혹은 모르는 사람들과 채팅해 보세요.

사랑, 상실, 우정에 대한 탐험
주인공으로서 철학적인 주제를 탐구합니다. 실수를 저지르기도 하고, 어려운 결정을 내려야 할 때도 있습니다. 친구들이 마크를 필요로 할 때, 마크는 나서서 함께해줄 수 있을까요, 아니면 친구들을 실망시키게 될까요? 과거의 상처를 흘려보내고 성숙해질 수 있을까요? 마크가 어떻게 성장하고 어떻게 더 나은 사람이 되어갈지 스토리를 진행하면서 직접 선택하세요.

중독성 있는 간단한 미니 게임
메모리 스틱을 꽂아서... 앗, 거꾸로 꽂은 것 같은... 아니, 처음에 꽂은 게 맞았네요. 노점에서 둥근 어묵을 누가 더 많이 먹나 친구와 겨루기도 하고 멋진 음악으로 리듬을 타며 미니버스 요금을 낼 수도 있습니다. 일상생활에 기반한 소소한 게임에 푹 빠져보세요.

몰입도 높은 시네마틱 그래픽
재앙을 극복하고자 나아가는 세상의 흥미진진한 스토리를 독특한 화풍이 눈길을 끄는 수작업 픽셀 아트로 표현했습니다. 그 따스한 색감과 음악에 빠져들어 보세요. 캐릭터와 풍경과 소품이 자연스럽게 3D로 녹아듭니다. 정성스럽게 제작하여 그림자와 반사 효과와 조명이 어우러져 게임의 멋들어진 분위기를 자아냅니다.

필리핀 지역 및 문화를 반영하는 세계관
진실을 찾는 여정에서 현실의 필리핀을 바탕으로 만들어진 지형을 가로지르게 됩니다. 북적이는 수도의 중심가와 광활한 들판과 바닷가 마을 등 가상의 필리핀을 배경으로 하는 Until Then의 세계를 탐험해 보세요. 실내 공간 역시 현지 문화에 따라 조형되어 최근의 풍경을 재현합니다.",Until Then,Maximum Entertainment,"https://store.nintendo.co.kr/media/catalog/product/cache/a7267a3b8c99c74f0bde248fd00edb94/5/f/5f2ac0c2d9d00a9a3347b49219e76db1c9e14c4475db957a0c4634a1fc693335.jpg,https://store.nintendo.co.kr/media/catalog/product/cache/a7267a3b8c99c74f0bde248fd00edb94/a/4/a4f0a6e238e163a0c4e3c51b913c038b9d74a3583ecd472489d89ac757e24d82.jpg,https://store.nintendo.co.kr/media/catalog/product/cache/a7267a3b8c99c74f0bde248fd00edb94/1/0/105284b26304674748979cbbf1169b62d382035c52186f50158aa34d551fdf23.jpg,https://store.nintendo.co.kr/media/catalog/product/cache/a7267a3b8c99c74f0bde248fd00edb94/a/4/a4b956836052857979077804e14a391b4e0364965dcb7689a8ab3278dec92c69.jpg,https://store.nintendo.co.kr/media/catalog/product/cache/a7267a3b8c99c74f0bde248fd00edb94/4/d/4de335334c085051619d3066e0be17af001234fbcb7c585319c5b7574d78d297.jpg,https://store.nintendo.co.kr/media/catalog/product/cache/a7267a3b8c99c74f0bde248fd00edb94/1/e/1e9924a0773b414d2a279607feef0fa18d6e746fdaa017f82ef74add23ef2cf1.jpg,https://store.nintendo.co.kr/media/catalog/product/cache/a7267a3b8c99c74f0bde248fd00edb94/4/1/41e8df436f59842d40447b6d74e876c8aa99974d8f149d8c47a72ff791abfe0d.jpg","어드벤처,기타",switch
https://store.nintendo.co.kr/70010000095736,Locomoto,2025-06-27,https://store.nintendo.co.kr/media/catalog/product/cache/a7267a3b8c99c74f0bde248fd00edb94/d/d/ddee0b17eb88c5b60d5f047dae28acd0eaf1e4c6e0690c346fa1149c21a2d4ef.jpg,"예약구입 상품입니다.

기차 승무원이 되어 환경 재앙으로부터 고향 Barrenpyre를 구하세요!
Locomoto는 기차 승무원이 되어 편안하게 여행하는 라이프 심 어드벤처 게임입니다. 기차를 마음대로 꾸미고 관리하면서 다양한 동물 승객들의 요구를 들어주세요. 자, 그럼 출발합니다! 은은한 로파이 비트 OST와 함께 아름다운 경치를 즐겨 주시기 바랍니다!

기차인의 삶
승객들에게 잊지 못할 최고의 여행을 선사하세요.
승객들을 기차에 태우고 목적지에 무사히 도착하도록 도와주세요.
손님들에게 서비스를 제공해 편안한 여행을 선사하세요.
기차를 관리하며 다음 여행을 준비하세요.

나만의 경험이 펼쳐진다
기차를 꾸며 보세요. 다양한 양식의 가구를 배치해 객차를 꾸밀 수 있습니다! 세계 각지에서 자원을 수집해 가구를 제작할 수도 있고요. 심지어 다양한 자원을 투입해 제작 아이템에 새로 색을 칠하는 작업도 할 수 있답니다. 아, 이게 끝이 아니랍니다. 객차를 붙여 길이를 늘이면 더 많은 승객을 태울 수도 있거든요! 그리고 다음은 내 캐릭터를 꾸며볼 차례입니다! 다양한 동물 부위와 색상을 조합해 나만의 캐릭터를 만든 다음, 여행 도중 수집한 옷을 마음껏 갈아입어 보면서 남다른 개성을 뽐내 보세요!

세계를 탐험하라
세계를 탐험하고 상호작용하며 세상 독특한 캐릭터들과 만나보세요. 친구들의 부탁을 들어주면 옷, 자원, 제작 설계도 등 다양한 보상을 받을 수 있답니다. 아, 그리고 친구가 되면 어떤 성격인지 자세히 알 수 있고, 그동안 살면서 생긴 고민 등을 털어놓기도 한다네요.",Locomoto,THQ Nordic,"https://store.nintendo.co.kr/media/catalog/product/cache/a7267a3b8c99c74f0bde248fd00edb94/d/d/ddee0b17eb88c5b60d5f047dae28acd0eaf1e4c6e0690c346fa1149c21a2d4ef.jpg,https://store.nintendo.co.kr/media/catalog/product/cache/a7267a3b8c99c74f0bde248fd00edb94/b/e/be7cf35a7b8b230ce47f2695e04dd6d88d28ba6b2dce56435b4a78fa67fb16b8.jpg,https://store.nintendo.co.kr/media/catalog/product/cache/a7267a3b8c99c74f0bde248fd00edb94/4/6/46e6b4a7308532331964fe595579fc9a85622aa03dc5d238d7d874f2980f9a5d.jpg,https://store.nintendo.co.kr/media/catalog/product/cache/a7267a3b8c99c74f0bde248fd00edb94/d/b/db1b6f0c4dfba26bb41436e32b6ca8819dcdcef44f8dde30bb94bb83a0d06bde.jpg,https://store.nintendo.co.kr/media/catalog/product/cache/a7267a3b8c99c74f0bde248fd00edb94/8/2/8266c061f3a3bd7bd5de16b37d673b1a441e0c0d7d7ccb29419be153ea42d907.jpg,https://store.nintendo.co.kr/media/catalog/product/cache/a7267a3b8c99c74f0bde248fd00edb94/1/f/1fc4f1b58e1eef0c1a2a8629b33e7de567a3c741fbdbc50e3048d358df010f22.jpg,https://store.nintendo.co.kr/media/catalog/product/cache/a7267a3b8c99c74f0bde248fd00edb94/c/a/caee6cb3ac9e65957d393736de1002b759899371cf814f6f1931b88456b58003.jpg",어드벤처,switch
https://store.nintendo.co.kr/70010000095303,Parry Nightmare,2025-06-26,https://store.nintendo.co.kr/media/catalog/product/cache/a7267a3b8c99c74f0bde248fd00edb94/1/c/1cccc0b3593a65662e32d9567adfba7b4374c726782bc3de32e50443e220c7a8.jpg,"예약구입 상품입니다

쉽게 배울 수 있고, 내려놓기 어렵다!
Parry Nightmare는 방어가 최고의 공격인, 단 하나뿐인 ""패링 천국"" 액션 게임입니다!
당신의 또 다른 자아, 혼노쨩과 힘을 합쳐 패링하고, 두들기고, 진동하며 어두운 악몽에서 탈출하세요!

악몽의 힘을 역이용하세요! 믿을 수 있는 패링으로 적을 기절시키고, 탄막을 되돌리며, 위협을 차단할 수 있습니다. 패링을 연계하면 더욱 강력해집니다!

혼노쨩은 당신이 기절시킨 적을 자동으로 처리해줍니다. 그녀에게 맡기고 방어에 집중하세요!

패링을 할수록 영혼이 더 강해져 밤을 이겨낼 용기를 얻습니다! 계속해서 패링하면 체력을 회복할 수 있어요! 넘치는 영혼을 소비해 강력한 버스트 기술을 발동, 적의 무리를 한 번에 소탕하세요!

희귀한 적을 처치하면 강화 아이템을 획득할 수 있어 혼노쨩을 초강력하게 만듭니다! 불을 뿜고, 궤도 고통을 설치하며, 파괴를 일으키는 등 다양한 능력을 사용할 수 있어요!

쓰러뜨린 적은 빛을 떨어뜨립니다. 빛을 모으면 악몽의 어둠이 물러나 혼돈 속을 더 잘 볼 수 있습니다. 빛의 게이지를 최대치까지 채우면 악몽을 이겨낼 수 있어요!

당신은 이 악몽에서 벗어나 새로운 아침을 맞이할 수 있을까요...?",Parry Nightmare,Phoenixx,"https://store.nintendo.co.kr/media/catalog/product/cache/a7267a3b8c99c74f0bde248fd00edb94/1/c/1cccc0b3593a65662e32d9567adfba7b4374c726782bc3de32e50443e220c7a8.jpg,https://store.nintendo.co.kr/media/catalog/product/cache/a7267a3b8c99c74f0bde248fd00edb94/1/c/1cccc0b3593a65662e32d9567adfba7b4374c726782bc3de32e50443e220c7a8.jpg,https://store.nintendo.co.kr/media/catalog/product/cache/a7267a3b8c99c74f0bde248fd00edb94/e/b/ebeee45f8253d16507b779d2dcae34e8624a2e828ed75207b08cbabf1cbb55c8.jpg,https://store.nintendo.co.kr/media/catalog/product/cache/a7267a3b8c99c74f0bde248fd00edb94/f/8/f832e0971aaaf8f74f5f9de4d644e40491e782e21cd633c9666cdf56ed84e82d.jpg,https://store.nintendo.co.kr/media/catalog/product/cache/a7267a3b8c99c74f0bde248fd00edb94/3/1/31b711b99739e9eb0bf151291eabec08caa3279b846a9beeebe3a01a43dc29e8.jpg,https://store.nintendo.co.kr/media/catalog/product/cache/a7267a3b8c99c74f0bde248fd00edb94/8/5/858c5c107b3e4e1136f0ca774f7b28301e573b8c527a97501e7428a24ede0ab5.jpg",액션,switch
https://store.nintendo.co.kr/70010000096550,한국 드론 플라잉 투어 동막해변,2025-06-26,https://store.nintendo.co.kr/media/catalog/product/cache/a7267a3b8c99c74f0bde248fd00edb94/e/4/e45f0eb55741c2e5ea7ea88030a40676ccb6226985c42554cae669c78727882f.jpg,"예약구입 상품입니다.

실제 촬영된 드론의 비행 영상을 바탕으로 드론을 직접 조작하는 시뮬레이션 게임! 스로틀 출력의 간단한 조작으로 실제 아름다운 자연의 경치를 고화질로 감상할 수 있다 
이 게임은 실제 비행 드론으로 촬영한 영상을 기반으로 실제 드론 비행을 경험할 수 있는 드론 시뮬레이션 게임입니다.
위, 아래, 왼쪽 또는 오른쪽 방향 조작이 없으며 드론 속도를 높이거나 낮추는 조작만 있습니다.
또한 드론의 비행모드를 노멀, 스포츠, 에코 3가지중에 수시로 변경하면서 비행할 수 있습니다.

한국 동막해변의 아름다운 풍경을 ""실제"" 영상으로 감상하세요!
비행 코스는 총 2개입니다.
고화질 영상은 실제 자연의 분위기를 충실히 재현하여 게임에 대한 강한 몰입감을 제공합니다.
매끄럽고 사실적인 영상 재생으로 실제 드론 조종사가 된 것 같은 느낌을 받을 수 있습니다.
대용량! 한국의 아름다운 풍경을 보여주는 장소로 비행할 수 있습니다!
코스별 비행 모드와 뷰 모드 자동비행의 두 가지 플레이 모드가 지원됩니다. 업적 시스템도 존재합니다.
언제든지 집에서 한국을 방문하세요!
드론 비행 제어 경험과 멋진 자연 풍경을 즐기세요.
일본의 Zuiki에서 만든 Nintendo Switch™용 MasCon도 지원됩니다.",한국 드론 플라잉 투어 동막해변,14차원,"https://store.nintendo.co.kr/media/catalog/product/cache/a7267a3b8c99c74f0bde248fd00edb94/e/4/e45f0eb55741c2e5ea7ea88030a40676ccb6226985c42554cae669c78727882f.jpg,https://store.nintendo.co.kr/media/catalog/product/cache/a7267a3b8c99c74f0bde248fd00edb94/9/4/942352121ccab07a7b812aad4727842bf89351d3c46e4796fec2b12a1c7942ff.jpg,https://store.nintendo.co.kr/media/catalog/product/cache/a7267a3b8c99c74f0bde248fd00edb94/0/1/01bb2d825dfc04d606f61aa1c2336464bcc6c4ebd25f0f1714f95c368e701e44.jpg","아케이드,시뮬레이션,기타",switch
https://store.nintendo.co.kr/70010000097184,Anvil Saga,2025-06-26,https://store.nintendo.co.kr/media/catalog/product/cache/a7267a3b8c99c74f0bde248fd00edb94/e/7/e7bf67c6385d50b1b6b3af0fb5d1fada1b455d81d07458efc3295130bb7e0e44.jpg,"예약구입 상품입니다.

Anvil Saga는 백년전쟁 중에 대장간을 운영(정말 좋은 타이밍 아닌가요?)하는 RPG풍 경영 시뮬레이션입니다. 까다로운 선택을 마주하고 머리가 목에서 떨어지지 않도록 노력하세요!
초라한 대장간을 어려운 그리고 끝없이 다채로운 세계에서 성공적인 사업으로 발전시키세요! 지역 도적, 상인, 성직자뿐만 아니라 프랑스와 영국 병사들과 상대하세요. 다양한 성격을 가진 노동자들을 관리하고, 시설과 도구를 개선하여 더 나은 상품을 만들어내고, 대금을 지불하는 고객들을 유치하기 위해 대장간을 장식하세요. 그리고 가장 중요한 것은 – 자신이 목을 베이지 않도록 노력하세요!


꿈의 대장간을 건설하세요

더 어려운 주문을 받기 위해 대장간을 확장하고 지하 시설을 구축하세요. 간단한 부엌부터 생활 공간, 또는 목공소까지 – 각 방은 적절한 가구와 장식품이 필요합니다.


결정을 내리고 결과에 대처하세요

고객, 관계 및 결정 – 이 모두가 중요합니다! 각기 다른 보호와 보너스를 제공하는 상반되는 당파와 평판을 유지하세요. 이행할 주문과 각 당파와의 거래 방식은 게임 세계에 영향을 주며 다양한 비극적인, 재미있는 또는 혼란스러운 결과로 이어집니다.


유명한 장인이 되세요

주문을 관리하고 명성 수준을 높여 부유하고 유명한 고객을 유치하세요. 딸을 위한 가장 아름다운 반지를 만들도록 바론의 요청이나 특별한 검을 위한 방랑 기사의 요구와 같은 프리미엄을 지불하는 독특한 주문을 찾아보세요.


전문가 팀을 구축하세요

다양한 기술 세트, 급여 수준, 필요성 및 성격을 가진 직원들을 책임지세요. 특별한 시설을 건설하고 편의 시설을 설치하고 방을 장식하여 그들을 행복하게 유지하세요. 직원들에게 빠른 작업을 위한 특별한 도구를 장착하고 도서관에 새 책을 추가하여 그들의 기술을 향상시켜주세요.",Anvil Saga,HeroCraft,"https://store.nintendo.co.kr/media/catalog/product/cache/a7267a3b8c99c74f0bde248fd00edb94/e/7/e7bf67c6385d50b1b6b3af0fb5d1fada1b455d81d07458efc3295130bb7e0e44.jpg,https://store.nintendo.co.kr/media/catalog/product/cache/a7267a3b8c99c74f0bde248fd00edb94/e/5/e538d17566b6966b388975a058fc34b9ada45f4032e4f0bb3e0765d6cbb10dc7.JPG,https://store.nintendo.co.kr/media/catalog/product/cache/a7267a3b8c99c74f0bde248fd00edb94/1/2/1260f744db56cf30dc9477e0378e4190c1d601e5b4039c4866e11614ac5a8daa.JPG,https://store.nintendo.co.kr/media/catalog/product/cache/a7267a3b8c99c74f0bde248fd00edb94/a/d/ad180396c05a7f7378a76d6c82a0df389a10f328a16a47cd90ea6ea6233c6c9b.jpg,https://store.nintendo.co.kr/media/catalog/product/cache/a7267a3b8c99c74f0bde248fd00edb94/0/3/037d94435f707a4eb06bc166af2215821653634e7f65671f653b4c516bd7099e.jpg,https://store.nintendo.co.kr/media/catalog/product/cache/a7267a3b8c99c74f0bde248fd00edb94/4/9/49466f5b784e0a8f1eb9027b33895dde490a2686f524debb85c88518577f5d7d.JPG,https://store.nintendo.co.kr/media/catalog/product/cache/a7267a3b8c99c74f0bde248fd00edb94/e/7/e7bf67c6385d50b1b6b3af0fb5d1fada1b455d81d07458efc3295130bb7e0e44.jpg","RPG,시뮬레이션",switch
https://store.nintendo.co.kr/70010000085887,Poppy Playtime 4,2025-06-26,https://store.nintendo.co.kr/media/catalog/product/cache/a7267a3b8c99c74f0bde248fd00edb94/e/4/e4a283c588469fa52f058b0695b2c9ead24ed1f484e8f08ee29337210e7ef976.jpg,"예약구입 상품입니다.

생존은 보장되지 않지만, 공포는 보장됩니다.
방대한 Poppy Playtime 이야기 사상 가장 암울한 챕터를 맞이할 준비를 하세요.

당신은 세상에 드러나 있는 플레이타임 사 공장의 아래 심연으로 점점 깊이 떠밀려 들어갑니다. 그곳에서 새롭고 무시무시한 위협을 마주하고, 충격적인 진실을 밝혀내 보세요. 과연 그림자 속에 도사린 초현실적인 새 창조물들을 따돌릴 수 있을까요? 실험 뒤에 감춰진 수수께끼를 밝혀낼 때까지 살아남을 수는 있을까요? 한 걸음 내디딜 때마다 용기가 시험받고, 퍼즐 하나하나가 머릿속을 뒤죽박죽으로 헝클어뜨리며, 모퉁이를 돌 때마다 마지막을 각오해야 할 겁니다.

주요 콘텐츠:
• 신규 캐릭터(와 친구들): 특별하고 새로운 캐릭터들이 플레이어를 이끌어 주고, 악몽 속에 출현하기도 합니다.
• 확장된 세계관: 플레이타임 사와 그 뒤틀린 과거에 관한 암울한 비밀을 더 자세히 밝혀내세요.
• 정신을 뒤흔드는 퍼즐: 삶과 죽음을 판가름할지도 모를 복잡한 퍼즐을 풀어 보세요.
• 심장이 쿵쿵거리는 분위기: 스산한 시각 효과와 몰입도 높은 음향 디자인으로, 공포스러운 분위기가 숨 막히게 이어집니다.

플레이타임 사 내부에 도사린 공포로부터 탈출할 수 있을까요? 아니면 그냥 굴복해야 할까요?","Poppy Playtime 4,파피 플레이타임4",Mob Entertainment,"https://store.nintendo.co.kr/media/catalog/product/cache/a7267a3b8c99c74f0bde248fd00edb94/e/4/e4a283c588469fa52f058b0695b2c9ead24ed1f484e8f08ee29337210e7ef976.jpg,https://store.nintendo.co.kr/media/catalog/product/cache/a7267a3b8c99c74f0bde248fd00edb94/7/5/751a38f26bbc68eaf09a5cd08e2ce2701e1c2ecb6802b01d9d0a69491e5a143b.jpg,https://store.nintendo.co.kr/media/catalog/product/cache/a7267a3b8c99c74f0bde248fd00edb94/6/8/689f39e5472b1f61646568d1306c850ae3bacb0cdea9b05ab0870b67dc7fdbbb.jpg,https://store.nintendo.co.kr/media/catalog/product/cache/a7267a3b8c99c74f0bde248fd00edb94/c/5/c5deff609bca71e5c9238288d9053e95cf4ceaaa568d62a3c56242b225198318.jpg,https://store.nintendo.co.kr/media/catalog/product/cache/a7267a3b8c99c74f0bde248fd00edb94/d/b/db7a32157b12d64b4d3d633f920f84486ab6d3f55d156c0dc5a58f01876f03b9.jpg,https://store.nintendo.co.kr/media/catalog/product/cache/a7267a3b8c99c74f0bde248fd00edb94/3/5/359613b709e35ab6364d0ae2960c610e8c93cb868773a910ac9b88c866d70714.jpg,https://store.nintendo.co.kr/media/catalog/product/cache/a7267a3b8c99c74f0bde248fd00edb94/c/b/cb6b20ec88ba96dd90ea79a17fc867870a214743a514e6b80b30c1fdcd69b653.jpg","어드벤처,퍼즐,기타",switch
https://store.nintendo.co.kr/70010000088930,Once Upon a Puppet,2025-06-26,https://store.nintendo.co.kr/media/catalog/product/cache/a7267a3b8c99c74f0bde248fd00edb94/6/a/6a0a946f012a687dcda68d484fc6fce96337e3b2cb2718d7ff84571a391afc97.jpg,"예약구입 상품입니다.

Once Upon a Puppet에서, 연극 같은 드레브와 니에브의 세계를 누비며 운명의 끈을 조종하고 웅장한 모험을 시작하세요.
개막:
생생한 극장 세계에서 펼쳐지는 2.5D 퍼즐 플랫포머 게임, Once Upon a Puppet에 오신 것을 환영합니다. 우정, 자아 발견, 구원에 관한 매력적인 이야기 속에서, 고전 플랫포머와 인형극 테마를 결합한 게임 플레이로 마법 같은 이야기 속에 빠져보세요.

언더스테이지로 추방된 무대 담당자 니에브의 장갑을 끼고, 마법에 묶인 인형 드레브의 줄을 조종하세요. 위의 프론트스테이지로 돌아가는 여정에서, 그들은 잊힌 이야기를 다시 들려주고, 어두운 비밀을 밝혀내며, 극장 왕국과 자신의 운명이 뒤엉켜 있다는 것을 알게 됩니다.

하이라이트:
인형과 인형사: 액션, 이동, 창의적인 퍼즐 풀이에 독특하게 접근한 이 게임에서, 줄을 당기고 인형극 기술을 마스터하세요.
캐릭터들의 공연단: 수많은 주/조연 캐릭터로 구성된 공연단과 손으로 쓴 수백 줄의 대사가 펼쳐집니다.
죽음의 그림자: 빛을 거두고 공연을 영원히 끝내려는 사악한 존재들에 맞서 싸우세요.
촘촘하게 만들어진 세계: 과거와 현재를 넘나드는 무대를 통해, 극장의 마법을 강화하는 멋지고 세밀한 그래픽을 감상하세요.
장면 세팅: 소품, 배경, 캐릭터를 배치하고 옮겨 연극 무대를 재구성하고, 한때 자랑스러웠던 월드 스테이지의 모습을 재현해 장면을 되살리세요.
매혹적인 사운드: Once Upon a Puppet의 세계에 생동감을 불어넣는 풍부한 연극풍 사운드트랙과, 몰입감 넘치는 음향 효과에 매료되어 보세요.


주연:
자신들도 모르게 마법의 실로 엮인 드레브와 니에브는, 마음이 무너진 왕에 맞서 극장에서 자신의 자리를 되찾는 여정을 마지못해 떠나게 됩니다.

자신을 믿지 못하는 유능한 재단사 니에브는, 순진하지만 야심만만한 배우 드레브와 강한 유대감을 갖게 됩니다. 드레브의 자유분방한 연극과 니에브의 명석함이 만나, 두 사람은 마음 깊이 숨겨진 두려움을 극복하고 공허의 진실을 드러낼 것입니다.",Once Upon a Puppet,Daedalic Entertainment,"https://store.nintendo.co.kr/media/catalog/product/cache/a7267a3b8c99c74f0bde248fd00edb94/6/a/6a0a946f012a687dcda68d484fc6fce96337e3b2cb2718d7ff84571a391afc97.jpg,https://store.nintendo.co.kr/media/catalog/product/cache/a7267a3b8c99c74f0bde248fd00edb94/2/f/2f15694cb4f91b3a62c8f065adad3ba16e801fe09ee5c58b9410ce80ac2547b5.jpg,https://store.nintendo.co.kr/media/catalog/product/cache/a7267a3b8c99c74f0bde248fd00edb94/9/5/9547d87acf19173df6b3d337dbf246a525da1b58df0c7cdaa9962bd0343ead89.jpg,https://store.nintendo.co.kr/media/catalog/product/cache/a7267a3b8c99c74f0bde248fd00edb94/1/d/1d7ea09d11f9861c7ea9eb1ef26b3b57e9ac107f3c677e5f48df011744bef590.jpg,https://store.nintendo.co.kr/media/catalog/product/cache/a7267a3b8c99c74f0bde248fd00edb94/1/a/1aeb3efc1976f7ad211d1fa5eadf2598771b23dc89d9467d9f083cf364b87035.jpg,https://store.nintendo.co.kr/media/catalog/product/cache/a7267a3b8c99c74f0bde248fd00edb94/a/8/a8b76ea5bb9e5befb5edb4ba13075142328efb5490e27b06b556ea0b55cde8b7.jpg,https://store.nintendo.co.kr/media/catalog/product/cache/a7267a3b8c99c74f0bde248fd00edb94/6/a/6a0a946f012a687dcda68d484fc6fce96337e3b2cb2718d7ff84571a391afc97.jpg",어드벤처,switch
https://store.nintendo.co.kr/70010000096398,SUSHI vs BURGER Race,2025-06-26,https://store.nintendo.co.kr/media/catalog/product/cache/a7267a3b8c99c74f0bde248fd00edb94/4/1/41dc6a39a2d000f83143681c4c37104f9e9472dc245c6a6e00d5154f3e7d6031.jpg,"예약구입 상품입니다.

지금까지 없던 새로운 미식 레이스 배틀이 시작됩니다!
1등의 주인공은 과연 스시일까요? 버거일까요?
SUSHI Race와 BURGER Race의 세계가 충돌합니다!
Joy-Con™을 공유하여 최대 4명이 로컬 멀티플레이로 함께 달릴 수 있어요!

총 22종의 다양한 성능을 가진 머신들을 경험해 보세요!
마음에 드는 머신을 골라 짜릿한 속도 배틀을 즐겨보세요!

완전히 새로운 코스 외에도 추억의 클래식 트랙도 등장합니다!
다이나믹하고 박진감 넘치는 코스를 질주하며 최고 속도를 노려보세요!

새로운 모드 “팀 배틀”이 등장!
팀원과 협력하고, 전략적으로 아이템을 활용해 상대팀을 제압하세요!

【타임 어택】
코스를 선택하고 자신의 최고 기록에 도전하세요!
온라인 랭킹에서 전 세계 플레이어들과 경쟁할 수 있습니다!

【프리 레이스】
친구 또는 CPU와 자유롭게 코스를 선택해 즐기세요!
아이템과 특수 이벤트로 타임 어택과는 전혀 다른 재미를 선사합니다!

【그랑프리】
선택한 여러 코스를 연속으로 달리며 우승을 노리세요!
승리를 쌓아 올리고 그랑프리 챔피언이 되어보세요!

【팀 배틀】
스시 진영 또는 버거 진영 중 선택하여 뜨거운 팀 배틀에 참가하세요!
승부는 팀의 총점으로 결정됩니다!

최대 4명까지 함께 플레이 가능!
친구, 가족과 함께 1위를 향해 도전하고 즐거운 시간을 보내세요!",SUSHI vs BURGER Race,SAT-BOX,"https://store.nintendo.co.kr/media/catalog/product/cache/a7267a3b8c99c74f0bde248fd00edb94/4/1/41dc6a39a2d000f83143681c4c37104f9e9472dc245c6a6e00d5154f3e7d6031.jpg,https://store.nintendo.co.kr/media/catalog/product/cache/a7267a3b8c99c74f0bde248fd00edb94/1/d/1d99a8a1b76b4c4e4862a32a71e7766fd7ef082ad155b99b5d59aa5881f0cd39.jpg,https://store.nintendo.co.kr/media/catalog/product/cache/a7267a3b8c99c74f0bde248fd00edb94/f/1/f1240bc2343846b23987d3cf04f9f7c1cfdf741a369eb58f357e91d7cf8bf083.jpg,https://store.nintendo.co.kr/media/catalog/product/cache/a7267a3b8c99c74f0bde248fd00edb94/5/3/53268451a278e7588e55a84c41221a8c3daecfa1fe2c73944883e4753e6f09af.jpg,https://store.nintendo.co.kr/media/catalog/product/cache/a7267a3b8c99c74f0bde248fd00edb94/f/a/fa5ad83b2a777b3fa042e52bf82a7a40adce666180c3ad2d298c8c357de52338.jpg,https://store.nintendo.co.kr/media/catalog/product/cache/a7267a3b8c99c74f0bde248fd00edb94/6/b/6bb033f37936bcc11aaa6d363f1dd42a1dc90825cf0ac3c7d9521760c1eaee9b.jpg,https://store.nintendo.co.kr/media/catalog/product/cache/a7267a3b8c99c74f0bde248fd00edb94/4/1/41dc6a39a2d000f83143681c4c37104f9e9472dc245c6a6e00d5154f3e7d6031.jpg","액션,파티,레이싱,커뮤니케이션",switch
https://store.nintendo.co.kr/70010000096183,다마고치 원더 샵,2025-06-26,https://store.nintendo.co.kr/media/catalog/product/cache/a7267a3b8c99c74f0bde248fd00edb94/4/0/408db96ff75a9f4c6fe59d9ccb02fa7088fdfdebde0a4b8241d818de2951762e.jpg,"예약구입 상품입니다.

다마고치의 세계에서 꿈을 키우는 가게 놀이 게임
「다마고치 원더 샵」이 Nintendo Switch™에 등장!

무대는 다마고치별의 「다마히코타운」.

충치를 치료하는 「치과」, 딱 맞는 안경을 만드는 「안경 가게」,
주문에 따라 디저트와 음료를 진열하는 「애프터눈 티 가게」 등,
개성 넘치는 12종류의 가게의 일을 도울 수 있어요!
가게의 평판이 좋아지면 건물도 커지고 새로운 다마고치가 방문해요!

만난 다마고치들과는 마을에서 놀거나 고민을 해결해 주면서
가게 밖에서도 같이 시간을 보낼 수 있어요.
소소한 교류를 즐기고 가게를 발전시켜서, 마을을 정말 떠들썩하게 만들어 봐요!

추가로, 시리즈 최초 나눔 2인 플레이가 가능한 가게도 등장!
가족이나 친구와 즐겁게 가게 일을 도와 봐요♪",다마고치 원더 샵,BANDAI NAMCO Entertainment,"https://store.nintendo.co.kr/media/catalog/product/cache/a7267a3b8c99c74f0bde248fd00edb94/4/0/408db96ff75a9f4c6fe59d9ccb02fa7088fdfdebde0a4b8241d818de2951762e.jpg,https://store.nintendo.co.kr/media/catalog/product/cache/a7267a3b8c99c74f0bde248fd00edb94/4/0/408db96ff75a9f4c6fe59d9ccb02fa7088fdfdebde0a4b8241d818de2951762e.jpg,https://store.nintendo.co.kr/media/catalog/product/cache/a7267a3b8c99c74f0bde248fd00edb94/a/f/af36ff7e382350a9b886b321ce850e75a8e392537b7c680fb2a70c712e2d8ea1.jpg,https://store.nintendo.co.kr/media/catalog/product/cache/a7267a3b8c99c74f0bde248fd00edb94/2/9/29a7c2e04cb108e9cedd55c0cb5183f81384da6f2b2ee6abf5f860825b88cce8.jpg,https://store.nintendo.co.kr/media/catalog/product/cache/a7267a3b8c99c74f0bde248fd00edb94/2/3/23a6ffebbf0274dbf60bbc32aa99324099a1d27ff046e7bddd2cd57b7ccd626b.jpg,https://store.nintendo.co.kr/media/catalog/product/cache/a7267a3b8c99c74f0bde248fd00edb94/9/4/9401f212b9a2318e33b86a1b9434979184830425e49b8d9ec3b6f496c82d21a1.jpg,https://store.nintendo.co.kr/media/catalog/product/cache/a7267a3b8c99c74f0bde248fd00edb94/e/d/edd727ca0e5be66a1f4bcd1291bb8d0f91f4465cae6292e7a4249c6ec8b94a9b.jpg",시뮬레이션,switch
https://store.nintendo.co.kr/70010000097144,다마고치 원더 샵 Nintendo Switch 2 Edition,2025-06-26,https://store.nintendo.co.kr/media/catalog/product/cache/a7267a3b8c99c74f0bde248fd00edb94/a/f/af0b02ff013dce1f0d76d014f25e2ff5506f042d64c8dfe34910ffbdb7f4da9b_1.jpg,"Nintendo Switch 2 상품입니다.

예약구입 상품입니다.

다마고치의 세계에서 꿈을 키우는 가게 놀이 게임
「다마고치 원더 샵」이 Nintendo Switch™와 Nintendo Switch™ 2에 등장!

무대는 다마고치별의 「다마히코타운」.
충치를 치료하는 「치과」, 딱 맞는 안경을 만드는 「안경 가게」,
주문에 따라 디저트와 음료를 진열하는 「애프터눈 티 가게」 등,
개성 넘치는 가게들의 일을 도울 수 있어요!
Nintendo Switch 2 Edition에서는
마우스 조작으로 플레이할 수 있는 가게가 추가되어
총 15종류의 가게를 즐길 수 있답니다.

가게의 평판이 좋아지면 건물도 커지고 새로운 다마고치가 방문해요!

만난 다마고치들과는 마을에서 놀거나 고민을 해결해 주면서
가게 밖에서도 같이 시간을 보낼 수 있어요.
소소한 교류를 즐기고 가게를 발전시켜서, 마을을 정말 떠들썩하게 만들어 봐요!

추가로, 시리즈 최초로 나눔 2인 플레이가 가능한 가게도 등장!
가족이나 친구와 즐겁게 가게 일을 도와 봐요♪",다마고치 원더 샵 Nintendo Switch 2 Edition,BANDAI NAMCO Entertainment,"https://store.nintendo.co.kr/media/catalog/product/cache/a7267a3b8c99c74f0bde248fd00edb94/a/f/af0b02ff013dce1f0d76d014f25e2ff5506f042d64c8dfe34910ffbdb7f4da9b_1.jpg,https://store.nintendo.co.kr/media/catalog/product/cache/a7267a3b8c99c74f0bde248fd00edb94/4/0/408db96ff75a9f4c6fe59d9ccb02fa7088fdfdebde0a4b8241d818de2951762e_3.jpg,https://store.nintendo.co.kr/media/catalog/product/cache/a7267a3b8c99c74f0bde248fd00edb94/a/f/af36ff7e382350a9b886b321ce850e75a8e392537b7c680fb2a70c712e2d8ea1_3.jpg,https://store.nintendo.co.kr/media/catalog/product/cache/a7267a3b8c99c74f0bde248fd00edb94/2/9/29a7c2e04cb108e9cedd55c0cb5183f81384da6f2b2ee6abf5f860825b88cce8_3.jpg,https://store.nintendo.co.kr/media/catalog/product/cache/a7267a3b8c99c74f0bde248fd00edb94/a/d/adbb37e80e051480b12754c7e12eef1bf43f0285851558fb6c6f8a6a34518292_2.jpg,https://store.nintendo.co.kr/media/catalog/product/cache/a7267a3b8c99c74f0bde248fd00edb94/9/4/9401f212b9a2318e33b86a1b9434979184830425e49b8d9ec3b6f496c82d21a1_3.jpg,https://store.nintendo.co.kr/media/catalog/product/cache/a7267a3b8c99c74f0bde248fd00edb94/e/d/edd727ca0e5be66a1f4bcd1291bb8d0f91f4465cae6292e7a4249c6ec8b94a9b_3.jpg",시뮬레이션,switch
https://store.nintendo.co.kr/70010000098606,Red Room Simulator,2025-06-26,https://store.nintendo.co.kr/media/catalog/product/cache/a7267a3b8c99c74f0bde248fd00edb94/7/2/728b51b029571d0b04161bc870da8cf9079675e4a4abbc971e48d5956905cbeb.jpg,"예약구입 상품입니다.

도면이 도시 전설 연구 VTuber 루아 우사가에게 전송되었습니다. 그 안에는 ‘이상한 미스터리’가 숨겨져 있었습니다.
이것은 재미있고 명상적인 퍼즐 게임으로 신비로운 반전이 특징입니다. 전략적으로 도면을 구성하여 더 높은 점수를 얻는 동시에 각 배치에 숨겨진 섬뜩한 비밀을 밝혀내세요. 퍼즐은 매번 무작위로 생성되어 플레이할 때마다 새로운 도전 과제를 제공합니다. 여러 엔딩, 내장 튜토리얼, 은은한 분위기가 논리 퍼즐, 탐험, 오싹한 매력을 즐기는 플레이어에게 안성맞춤입니다.","Red Room Simulator,Floor Plan Puzzle",Elushis,"https://store.nintendo.co.kr/media/catalog/product/cache/a7267a3b8c99c74f0bde248fd00edb94/7/2/728b51b029571d0b04161bc870da8cf9079675e4a4abbc971e48d5956905cbeb.jpg,https://store.nintendo.co.kr/media/catalog/product/cache/a7267a3b8c99c74f0bde248fd00edb94/7/2/728b51b029571d0b04161bc870da8cf9079675e4a4abbc971e48d5956905cbeb.jpg,https://store.nintendo.co.kr/media/catalog/product/cache/a7267a3b8c99c74f0bde248fd00edb94/5/f/5f1ffbe02dabc68ea46fdde11c55d056a37c73d6dae13dbd624bbe56c725f2cc.jpg,https://store.nintendo.co.kr/media/catalog/product/cache/a7267a3b8c99c74f0bde248fd00edb94/2/7/2714a549e23dda4f20732e5c4dd24d0b9173109b35c3f1ebfa0b0d6204f94e80.jpg,https://store.nintendo.co.kr/media/catalog/product/cache/a7267a3b8c99c74f0bde248fd00edb94/f/2/f2f3531d297703b08ecda01dc931dddf5a837bf4ca802670796d25ea7234fcd7.jpg","전략,아케이드,퍼즐,실용",switch
https://store.nintendo.co.kr/70010000096245,Arisen Force: Life Devotee,2025-06-26,https://store.nintendo.co.kr/media/catalog/product/cache/a7267a3b8c99c74f0bde248fd00edb94/6/7/67932d9c2cf708fe592fd8e0108ba3c7bd9d0ab661c0872aa498c733ac47d824.jpg,"예약구입 상품입니다.

동료들과 함께 떠나는 도전적인 액션 전투의 서유기 여정!
도전적인 액션 RPG에 뛰어들어 보세요!
화려한 HD 픽셀 아트와 스타일리시한 속도감 있는 전투가 펼쳐지는 세계에서, 전설적인 『서유기』를 완전히 새롭게 재해석한 대서사시를 경험하세요!

·놀라운 신규 콘텐츠:
새로운 플레이어블 캐릭터를 만나고, 강력한 신규 무기 '카타나'를 휘두르며 새로운 스킬을 익히세요. 숨겨진 레벨과 아이템을 해제하여 더욱 다양하고 역동적인 전투를 즐길 수 있습니다.

·몰입감 넘치는 전투:
최고의 즐거움과 전략적 깊이를 자랑하는 고속 스타일 액션을 체험해 보세요. 회피, 차지 공격, 가드, 반격, 처벌, 저스트 타이밍, 캔슬, 던지기/처형 등 다양한 고급 전투 기술이 준비되어 있습니다.

·고전과 현대의 조화로운 융합:
고전적인 게임플레이 요소와 현대적인 디자인이 독창적으로 어우러진 세계를 탐험하세요. 정교한 레벨 구조와 강력한 적들이 기다리고 있습니다.

·강렬하고 도전적인 보스 전투:
보스전은 다단계 페이즈와 반격, 가드 시스템을 포함하며, 강력한 콤보 또는 합체 공격을 구사하기도 합니다. 어떤 전투에서는 다수의 보스가 동시에 등장할 수도 있으니 대비하세요!",Arisen Force: Life Devotee,Lemport,"https://store.nintendo.co.kr/media/catalog/product/cache/a7267a3b8c99c74f0bde248fd00edb94/6/7/67932d9c2cf708fe592fd8e0108ba3c7bd9d0ab661c0872aa498c733ac47d824.jpg,https://store.nintendo.co.kr/media/catalog/product/cache/a7267a3b8c99c74f0bde248fd00edb94/5/3/53b2f269d0fad9c47dba9a72aca1458888decdd7b784743bdf89b7035e8cefc8.jpg,https://store.nintendo.co.kr/media/catalog/product/cache/a7267a3b8c99c74f0bde248fd00edb94/9/d/9d31d8ccd1f50c9acb5d04cd4b9440ed046ae14f867594b1f1c3b8a2b1d65716.jpg,https://store.nintendo.co.kr/media/catalog/product/cache/a7267a3b8c99c74f0bde248fd00edb94/3/c/3c53d912ff5fadc5006039d3b118b01f26f7d7e8a72cb074114578ed4e1cdba8.jpg,https://store.nintendo.co.kr/media/catalog/product/cache/a7267a3b8c99c74f0bde248fd00edb94/d/f/df9a1547115c1ae0c629afce73954dccc8b8dd18eeb80f6801e28f8512b009fa.jpg,https://store.nintendo.co.kr/media/catalog/product/cache/a7267a3b8c99c74f0bde248fd00edb94/9/0/90917fa19e5bd41c81c5cc95ab84b0571a3b007e81584737a8a76efedab51f02.jpg,https://store.nintendo.co.kr/media/catalog/product/cache/a7267a3b8c99c74f0bde248fd00edb94/b/5/b5bfe1fa886200775d509089c5a261bdeb2e00d69a6b544b655fac00fb4302e8.jpg","액션,RPG,어드벤처,아케이드",switch
https://store.nintendo.co.kr/70010000096369,How 2 Escape: Lost Submarine,2025-06-25,https://store.nintendo.co.kr/media/catalog/product/cache/a7267a3b8c99c74f0bde248fd00edb94/3/6/364f4acd0531366bb5590dd25602b9bab9125d0d262891edbc9fb07fb4d389af.jpg,"예약구입 상품입니다.

친구와 협력하여 잃어버린 잠수함에 도달하고 전쟁을 막으세요. 두 대의 기기에서 협력하여 점점 더 복잡해지는 퍼즐을 풀어야 하며, 각자가 고유한 역할을 수행해야 합니다.
독특한 협력 플레이 경험을 제공한 How 2 Escape가 더욱 향상된 게임플레이와 새로운 도전적인 퍼즐로 돌아왔습니다!

최신 시리즈 ""How 2 Escape: Lost Submarine"" 에서 당신과 파트너는 실종된 잠수함을 찾아 세계 대전을 막아야 합니다.

세계를 구하라
아군 군사 기지가 적군에게 점령되었고, 정부는 이를 되찾기 위해 어뢰를 발사하라는 명령을 내렸습니다. 하지만 이는 수많은 아군 희생을 초래할 수도 있는 위험한 결정이었습니다.

추후 내부 논의와 적군과의 협상 끝에 정부는 공격 취소를 결정했지만, 문제가 발생했습니다.
어뢰를 실은 잠수함 ""The Triumphant"" 은 통신 범위를 벗어나 있어 취소 명령이 제대로 전달되었는지 확인할 방법이 없습니다.

전쟁을 막기 위해, 정부는 최고의 전문가 두 명, 장교 ""오리"" 와 ""르로이"" 에게 ""The Triumphant"" 을 찾아내라는 임무를 맡깁니다. 그러나 이들이 마주한 현실은 예상과 달랐습니다. 최근 결정으로 인해 잠수함 내부에서는 도덕적 갈등이 점점 커지고 있었던 것입니다.

협력하여 승리하라!
2명의 플레이어, 2가지 역할!

파트너와 함께 소통하며 퍼즐을 풀고 전쟁을 막아야 합니다!
각 플레이어는 논리력, 협동력, 관찰력, 그리고 무엇보다도 의사소통 능력이 필요합니다.

플레이어 1: 잠수함 내부를 직접 조사하고 환경과 상호작용하며 단서를 찾아야 합니다.

플레이어 2: 스마트폰용 무료 동반 앱을 활용해 추가 정보를 수집하고 퍼즐을 해결하는 데 도움을 줍니다.

*무료 ""How 2 Escape: Lost Submarine Companion App"" 을 스마트폰에서 다운로드하세요!

특징:
- 친구와 함께 협력하는 퍼즐 게임
- 크로스플랫폼 플레이 지원 (각기 다른 기기에서도 가능)
- 게임 한 개만 구매하면 두 명이 플레이 가능
- 점점 더 어려워지는 도전적인 퍼즐
- 직관적인 간단한 조작",How 2 Escape: Lost Submarine,MAXIMUM ENT FRANCE,"https://store.nintendo.co.kr/media/catalog/product/cache/a7267a3b8c99c74f0bde248fd00edb94/3/6/364f4acd0531366bb5590dd25602b9bab9125d0d262891edbc9fb07fb4d389af.jpg,https://store.nintendo.co.kr/media/catalog/product/cache/a7267a3b8c99c74f0bde248fd00edb94/6/6/6603404a5ffdb705cea58fd36c8272ad318cb7295c281a346ca0944f8e5711b1.jpg,https://store.nintendo.co.kr/media/catalog/product/cache/a7267a3b8c99c74f0bde248fd00edb94/e/1/e187d81a2041c8f4b29b215a0701dfb14182220d4e3b3c7bb6dce302afcdd1d1.jpg,https://store.nintendo.co.kr/media/catalog/product/cache/a7267a3b8c99c74f0bde248fd00edb94/2/0/206985fbc345f13b3e58e84661dadc71beae3a3aebe575df5663f9e2e70ad3c0.jpg,https://store.nintendo.co.kr/media/catalog/product/cache/a7267a3b8c99c74f0bde248fd00edb94/5/0/509f43c17c387bbc10aa85f96ffca710612d04726967c61590798b4fbf2b3942.jpg,https://store.nintendo.co.kr/media/catalog/product/cache/a7267a3b8c99c74f0bde248fd00edb94/a/d/ad8d493f64faffd0a4eaf279587e2bfb8fa4c8a2f51c2861d306415f803f1c70.jpg,https://store.nintendo.co.kr/media/catalog/product/cache/a7267a3b8c99c74f0bde248fd00edb94/3/6/364f4acd0531366bb5590dd25602b9bab9125d0d262891edbc9fb07fb4d389af.jpg","어드벤처,퍼즐",switch
https://store.nintendo.co.kr/70010000094587,Om Nom: Run 2,2025-06-20,https://store.nintendo.co.kr/media/catalog/product/cache/a7267a3b8c99c74f0bde248fd00edb94/d/5/d5c250a75e1229f7ec135645c642848048d165fe865e1bb543a7e390f7710cc4.jpg,"예약구입 상품입니다.

준비, 시작! 지금 바로 Om Nom Run 2 챌린지에 참여해, 당신이 진정한 레이스 챔피언임을 증명해보세요!
인기 액션 레이싱 게임의 후속작 ""Om Nom Run 2""가 출시되었습니다! 당신의 목표는 단 하나, 장애물을 피해 결승선을 향해 질주하세요!

Om Nom 레이스의 매력:
- 다채롭고 독특한 레이스 맵: 아찔하고 짜릿한 도전의 연속! 승리의 쾌감은 물론, 다양한 함정과 극한의 테스트가 당신을 기다립니다!
- 장애물 회피: 승리를 거머쥐고 싶다면, 장애물을 날렵하게 피하는 기술이 필수! 화려한 컨트롤로 최종 승리를 차지하세요!
- 챔피언의 영광: 모든 라이벌을 제치고 챔피언 트로피를 손에 넣는 순간, 그 짜릿한 전율을 느껴보세요. 이 레이스는 단순한 경쟁이 아닌, 영광을 향한 진정한 여정입니다!
- 성공으로 가는 최단 루트 탐색: 전략을 세우고 최적의 지름길을 찾아내세요. 빠른 판단과 과감한 질주로 모두를 따돌리고, 레이스의 최강자가 되어보세요!

모든 장애물을 돌파하고, 라이벌을 넘어설 자신이 있나요? 지금이 바로 도전할 때입니다!",Om Nom: Run 2,QubicGames,"https://store.nintendo.co.kr/media/catalog/product/cache/a7267a3b8c99c74f0bde248fd00edb94/d/5/d5c250a75e1229f7ec135645c642848048d165fe865e1bb543a7e390f7710cc4.jpg,https://store.nintendo.co.kr/media/catalog/product/cache/a7267a3b8c99c74f0bde248fd00edb94/d/e/dece1732ca769cb705af90f5c735d6e749af70cb44175daa74e43ecba092c39c.jpg,https://store.nintendo.co.kr/media/catalog/product/cache/a7267a3b8c99c74f0bde248fd00edb94/8/6/86fd55faab23d2c7351bf3e48c1b23c666f8132989411fb14319aecb06a64701.jpg,https://store.nintendo.co.kr/media/catalog/product/cache/a7267a3b8c99c74f0bde248fd00edb94/f/0/f0d17472d30fd9b7dde22d3aa3b6ae6afdee8eb664657ce077cf6e10e26f2773.jpg,https://store.nintendo.co.kr/media/catalog/product/cache/a7267a3b8c99c74f0bde248fd00edb94/f/e/fe1d9d7caf8dfef2618503feb91fa1a694e821b2f6fa86992e93f1af39c64169.jpg,https://store.nintendo.co.kr/media/catalog/product/cache/a7267a3b8c99c74f0bde248fd00edb94/b/2/b201bd423eb99ab9802b4b14d35d311c353ef377c455fa117a0a67fd7521e849.jpg,https://store.nintendo.co.kr/media/catalog/product/cache/a7267a3b8c99c74f0bde248fd00edb94/d/8/d841c0508bb4983814b59f53976d46fdf359ab94cb222196558340d7e23d83e1.jpg","액션,아케이드,레이싱,기타",switch
https://store.nintendo.co.kr/70010000085948,Fortune's Favor,2025-06-19,https://store.nintendo.co.kr/media/catalog/product/cache/a7267a3b8c99c74f0bde248fd00edb94/1/2/121de4389df9d2cfc051f99e4675668cd3f84b1e9055d7fc543c384521b92a80.jpg,"예약구입 상품입니다.

배신자인 일등 항해사에 의해 뮤티니 섬에 버려진 당신은 생존하고 잃어버린 배, 레드 던을 되찾아야 합니다. 이 3D 오픈 월드 해적 어드벤처에서.
죽을 운명으로 버려짐. 배는 도난당함. 당신의 전설이 기다립니다. 배신자인 일등 항해사에 의해 뮤티니 섬에 버려져, 입은 옷 외에는 아무것도 없이 죽을 운명으로 남겨졌습니다. 레드 던 – 당신의 배 – 는 당신 없이 항해합니다. 이제, 이 오픈 월드 해적 어드벤처에서 생존하고, 기술을 쌓고, 정당하게 당신의 것을 되찾아야 합니다.

주요 특징
오픈 월드 탐험: 모래 해변부터 바위 절벽까지 다양한 섬들을 자신의 페이스대로 발견하세요. 육지와 바다 사이에 로딩 화면이 없습니다.

선택의 자유: 자신만의 항로를 계획하세요! 마을 사람들의 퀘스트에 도전하거나, 보물을 찾거나, 해상 전투에서 라이벌 선장들에게 도전하세요.

모험: 탐험하고, 자원을 모으고, 간단한 뗏목을 만드세요. 하지만 왜 거기서 멈추나요? 보이는 모든 배는 포획하여 자신의 것으로 만들 수 있습니다.

실시간 선박 전투: 포획한 배를 지휘하여 치열한 해상 전투를 펼치고, 적선에 승선하여 커틀러스 결투에서 경쟁자들과 맞서세요.

평판 시스템: 당신의 행동이 캐릭터들의 반응에 영향을 미칩니다. 아버 전역에서 유명해지거나 악명 높은 인물이 되세요!",Fortune's Favor,Elushis,"https://store.nintendo.co.kr/media/catalog/product/cache/a7267a3b8c99c74f0bde248fd00edb94/1/2/121de4389df9d2cfc051f99e4675668cd3f84b1e9055d7fc543c384521b92a80.jpg,https://store.nintendo.co.kr/media/catalog/product/cache/a7267a3b8c99c74f0bde248fd00edb94/e/0/e0a308a5b4b40657ca5ae5f2fa383aaffcca7c1e99abeb4edfcc14b984c5f5be.jpg,https://store.nintendo.co.kr/media/catalog/product/cache/a7267a3b8c99c74f0bde248fd00edb94/0/d/0d309b869aa321214fb321626d88b0f7947b187aeacd890232ae27ae91cca873.jpg,https://store.nintendo.co.kr/media/catalog/product/cache/a7267a3b8c99c74f0bde248fd00edb94/b/b/bbeb3f2d4436c9c4532be759e358b4ff0218d0b10b4ba19ec3a8ed54ebd1b6ac.jpg,https://store.nintendo.co.kr/media/catalog/product/cache/a7267a3b8c99c74f0bde248fd00edb94/9/0/906629634dc6aca7e19894190d649d125881df7c0a3d4e69b0f24adfcb311506.jpg","액션,RPG,어드벤처,슈팅",switch
https://store.nintendo.co.kr/70010000096919,한국 드론 플라잉 투어 야달선착장,2025-06-19,https://store.nintendo.co.kr/media/catalog/product/cache/a7267a3b8c99c74f0bde248fd00edb94/3/8/388905e0e913537cffa95968ac8121e358e8c317e5271e7505a29ee98b6d5401.jpg,"예약구입 상품입니다.

실제 촬영된 드론의 비행 영상을 바탕으로 드론을 직접 조작하는 시뮬레이션 게임! 스로틀 출력의 간단한 조작으로 실제 아름다운 자연의 경치를 고화질로 감상할 수 있다 
이 게임은 실제 비행 드론으로 촬영한 영상을 기반으로 실제 드론 비행을 경험할 수 있는 드론 시뮬레이션 게임입니다.
위, 아래, 왼쪽 또는 오른쪽 방향 조작이 없으며 드론 속도를 높이거나 낮추는 조작만 있습니다.
또한 드론의 비행모드를 노멀, 스포츠, 에코 3가지중에 수시로 변경하면서 비행할 수 있습니다.

한국 야달선착장의 아름다운 풍경을 ""실제"" 영상으로 감상하세요!
비행 코스는 총 2개, 2개 지역입니다.
고화질 영상은 실제 자연의 분위기를 충실히 재현하여 게임에 대한 강한 몰입감을 제공합니다.
매끄럽고 사실적인 영상 재생으로 실제 드론 조종사가 된 것 같은 느낌을 받을 수 있습니다.
대용량! 한국의 아름다운 풍경을 보여주는 장소로 비행할 수 있습니다!
코스별 비행 모드와 뷰 모드 자동비행의 두 가지 플레이 모드가 지원됩니다. 업적 시스템도 존재합니다.
언제든지 집에서 한국을 방문하세요!
드론 비행 제어 경험과 멋진 자연 풍경을 즐기세요.
일본의 Zuiki에서 만든 Nintendo Switch™용 MasCon도 지원됩니다.",한국 드론 플라잉 투어 야달선착장,14차원,"https://store.nintendo.co.kr/media/catalog/product/cache/a7267a3b8c99c74f0bde248fd00edb94/3/8/388905e0e913537cffa95968ac8121e358e8c317e5271e7505a29ee98b6d5401.jpg,https://store.nintendo.co.kr/media/catalog/product/cache/a7267a3b8c99c74f0bde248fd00edb94/f/6/f60326da205fcf4b7ff7f49d31c089a7bdad2ff81fbc93d9f4fdf84d93217a75.jpg,https://store.nintendo.co.kr/media/catalog/product/cache/a7267a3b8c99c74f0bde248fd00edb94/3/8/388905e0e913537cffa95968ac8121e358e8c317e5271e7505a29ee98b6d5401.jpg","아케이드,시뮬레이션,기타",switch
https://store.nintendo.co.kr/70010000095799,니프 니프,2025-06-19,https://store.nintendo.co.kr/media/catalog/product/cache/a7267a3b8c99c74f0bde248fd00edb94/8/4/84abef98868fffae200a9869c23b0badbf237c1ca4d3d66b3a5dac3c1c0665af.jpg,"예약구입 상품입니다.

친구들을 깨끗하게 하고, 덱을 만들어서, 사악한 점액으로부터 숲을 구하세요!
니프 니프는 숲과 동물 친구들을 돕는 착한 덱빌딩 게임으로, 이 장르를 처음 접하는 사람도 쉽게 즐길 수 있도록 설계되었지만 도전을 원하는 분들을 위해 전략적인 깊이도 갖추고 있습니다!

최고의 덱을 만드세요!
특별한 능력을 가진 카드를 선택하여 레벨을 진행하면서 숲의 끝에서 기다리고 있는 최종 보스를 상대할 준비를 하세요. 각 모험에 무엇을 가져갈지 결정하고 각각 고유한 카드를 가진 두 캐릭터 중에서 선택하세요.

씨앗을 모아서 심고 맛있는 따끈한 수프 요리로 나만의 파워업 포션을 만들 수 있어요!

건전하고 차분합니다
니프 니프는 기발하고 다채로운 색감의 세계를 배경으로 한 편안하고 아늑한 체험으로, 우리 아기 돼지가 사랑스러운 모험을 통해 친근하고 기발한 캐릭터들을 만나게 됩니다.

모두를 위한 게임
덱빌딩 또는 아기자기한 게임 팬부터 어린이(수학 연습에 도움이 됩니다!) 또는 비디오 게임 경험이 없는 사람까지 일반 사용자를 위해 설계되었습니다. 접근성이 뛰어나고 전혀 폭력적이지 않습니다.


특징
- 절차적으로 생성된 맵
- 서로 다른 덱을 가진 두 명의 플레이 가능한 캐릭터(니프 니프와 캣)
- 정원 가꾸기 및 요리 미니 게임
- 능력을 변경하는 잠금 해제가 가능한 모자
- 레벨, 잠금 해제 및 업적을 통한 진행 상황",니프 니프,Springfox Games,"https://store.nintendo.co.kr/media/catalog/product/cache/a7267a3b8c99c74f0bde248fd00edb94/8/4/84abef98868fffae200a9869c23b0badbf237c1ca4d3d66b3a5dac3c1c0665af.jpg,https://store.nintendo.co.kr/media/catalog/product/cache/a7267a3b8c99c74f0bde248fd00edb94/f/8/f8f32532367a7dada054c09206a3a4f00e060b5c00fb2d871dddada047e5a297.jpg,https://store.nintendo.co.kr/media/catalog/product/cache/a7267a3b8c99c74f0bde248fd00edb94/5/3/537bc81ac6093ed25a206569e41d9df07c623b73a8aa78bd0adf20513713b7f7.jpg,https://store.nintendo.co.kr/media/catalog/product/cache/a7267a3b8c99c74f0bde248fd00edb94/8/a/8aec022898540cfbbfe235c4a589cbe43a60e836280d2d4c5a385cc2bd2206ee.jpg,https://store.nintendo.co.kr/media/catalog/product/cache/a7267a3b8c99c74f0bde248fd00edb94/9/8/9897890ee44bf22a1d6c9e650671dcde3e81aad57ee67ae5617c53456ac17454.jpg,https://store.nintendo.co.kr/media/catalog/product/cache/a7267a3b8c99c74f0bde248fd00edb94/a/e/ae59c1b26b8c850075167c332ac7d423d9112491c1e9a57b7563ee455c94de24.jpg,https://store.nintendo.co.kr/media/catalog/product/cache/a7267a3b8c99c74f0bde248fd00edb94/8/4/84abef98868fffae200a9869c23b0badbf237c1ca4d3d66b3a5dac3c1c0665af.jpg","어드벤처,전략,보드,학습",switch
https://store.nintendo.co.kr/70010000096027,Bag Hero,2025-06-19,https://store.nintendo.co.kr/media/catalog/product/cache/a7267a3b8c99c74f0bde248fd00edb94/5/0/508582a37e0bc4213bd4d69fff067185079f2cb55fe3a8371fd9dbe9e0702319.jpg,"예약구입 상품입니다.

미친 무기로 몬스터 무리를 쓸어버려라! 화려한 탄막 속에서 펼쳐지는 대혼돈 액션! 정신없지만 캐주얼하고 진짜 재밌어!
한 판에 20~30분! 언제든지 가볍게 플레이하며 스트레스를 날리고, 시간도 보내보세요.
10가지 개성 넘치는 직업과 7종의 무기를 자유롭게 조합해 나만의 전투 스타일을 만들어보세요. 숨겨진 직업과 비밀 특성도 준비되어 있어요!
모든 스타일에는 완성도 높은 빌드 경로가 있으며, 각 빌드마다 다양한 분기와 선택지가 존재합니다.
각 스테이지는 난이도를 자유롭게 조절할 수 있어, 항상 딱 맞는 도전이 가능합니다!",Bag Hero,Happy Player,"https://store.nintendo.co.kr/media/catalog/product/cache/a7267a3b8c99c74f0bde248fd00edb94/5/0/508582a37e0bc4213bd4d69fff067185079f2cb55fe3a8371fd9dbe9e0702319.jpg,https://store.nintendo.co.kr/media/catalog/product/cache/a7267a3b8c99c74f0bde248fd00edb94/2/9/29f83f01fd7779f264460a00943e47f0a90616fdf13114986aea316f87cd7bd6.jpg,https://store.nintendo.co.kr/media/catalog/product/cache/a7267a3b8c99c74f0bde248fd00edb94/9/b/9b9849f61790a62ab2827ecd084e72a79d54a093da4e7e019cdf90536710d68f.jpg,https://store.nintendo.co.kr/media/catalog/product/cache/a7267a3b8c99c74f0bde248fd00edb94/6/b/6bc7c7755420669e0390b8a09c9dd49b8fdadc945bacd64118a1d3a1dac6d786.jpg,https://store.nintendo.co.kr/media/catalog/product/cache/a7267a3b8c99c74f0bde248fd00edb94/9/4/94019d234218f6a832df94ed17927ae67cf9e1f960a949d7d2b757f6239fe01b.jpg,https://store.nintendo.co.kr/media/catalog/product/cache/a7267a3b8c99c74f0bde248fd00edb94/2/9/29a65c7864ab355c84e0be8bbbb73a732cf559a6128cb453925afd4603f4499e.jpg,https://store.nintendo.co.kr/media/catalog/product/cache/a7267a3b8c99c74f0bde248fd00edb94/c/1/c1a4170f0c2c7b09b2bee2882d7988111829ad34019ffd794564392c1a7fb53e.jpg","액션,RPG,전략,슈팅",switch
https://store.nintendo.co.kr/70010000098252,얀데레 공방,2025-06-19,https://store.nintendo.co.kr/media/catalog/product/cache/a7267a3b8c99c74f0bde248fd00edb94/4/a/4aa8562fe235d100d07ff736c365592960ee39e3b939e70dfc4558e4c305b55a.jpg,"예약구입 상품입니다.

돌(Doll) ― 사람을 따르고 싸우기 위해 만들어진 전투 병기.
당신은 그런 돌을 키우는 육성자로서, 조국을 위협하는 외부의 적들에 맞서게 됩니다.
선택할 수 있는 돌은 세 가지 타입. 각각 다른 특기와 성격, 그리고 개성 있는 외모를 지니고 있습니다.
육성 파트에서는 훈련과 교류를 통해 돌의 능력을 향상시키고,
투기장에서는 다른 돌들과의 치열한 전투를 통해 ‘챔피언 돌’을 목표로 싸워 나갑니다.

※ 스토리 전개에 따라 충격적인 연출이 포함될 수 있습니다.
민감한 분들은 주의해 주세요.

◆ 한국어・일본어・영어・중국어 4개 국어 지원
◆ 제작 툴: Unity",얀데레 공방,sugar star,"https://store.nintendo.co.kr/media/catalog/product/cache/a7267a3b8c99c74f0bde248fd00edb94/4/a/4aa8562fe235d100d07ff736c365592960ee39e3b939e70dfc4558e4c305b55a.jpg,https://store.nintendo.co.kr/media/catalog/product/cache/a7267a3b8c99c74f0bde248fd00edb94/f/e/fece682c94ff3d47d8987f24f8eb209660b667b43a2e34a9f7a850e19473ed0c.jpg,https://store.nintendo.co.kr/media/catalog/product/cache/a7267a3b8c99c74f0bde248fd00edb94/7/1/71547fb294b5748af2090470ab85124ebfb2c32506db25db8fa1805aa2b6ca7c.jpg,https://store.nintendo.co.kr/media/catalog/product/cache/a7267a3b8c99c74f0bde248fd00edb94/f/f/ff78e29a46610b817f8b4f8e7672ab0588fc7a61284589fcbed1d3d7c3947f4e.jpg,https://store.nintendo.co.kr/media/catalog/product/cache/a7267a3b8c99c74f0bde248fd00edb94/9/a/9a4613c31b7ab546b7bca2711cf40d4150991896638c678c5ed5e7cd4851610e.jpg,https://store.nintendo.co.kr/media/catalog/product/cache/a7267a3b8c99c74f0bde248fd00edb94/6/7/67790ed061a58b9b85494f29724740899c5f69d664de69d7d4718e5bac27f1a5.jpg,https://store.nintendo.co.kr/media/catalog/product/cache/a7267a3b8c99c74f0bde248fd00edb94/3/3/333f35100ca29e6a1cbdbd2ccdf8b4817c25748ae1b2b298b9e8b10e27e629eb.jpg","음악,시뮬레이션,커뮤니케이션",switch
https://store.nintendo.co.kr/70010000097676,hololive Treasure Mountain MegaPack,2025-06-19,https://store.nintendo.co.kr/media/catalog/product/cache/a7267a3b8c99c74f0bde248fd00edb94/4/2/425ddd630f2c71d53b84308534edccad778982ed9c77a47c73eafbb30174c948.jpg,"예약구입 상품입니다.

Marine 선장의 사랑을 쌓아 올려라!
hololive 멤버들이 귀여운 보물로 대변신!
3D hololive 멤버들을 넘치지 않게 쌓아 올려 나만의 산을 만드는, hololive 팬 필수의 3D 퍼즐 게임!


■ 플레이 방법
보물을 던져서 섬에 쌓기만 하면 돼요!
같은 보물을 붙이면 더 큰 보물로 변신!
보물이 섬에서 떨어지면 게임 오버!

큰 보물을 만들거나 연속으로 결합하면 체인 반응으로 점수 상승!
가장 큰 보물을 만들면 놀라운 일이...!?


■ 보물 교체
게임에 등장하는 보물은 다른 멤버의 보물로 교체할 수 있어요!
자신의 취향대로 꾸며서 당신만의 ‘최애 마운틴’을 만들어 보세요!


■ 랭킹 시스템
전 세계의 플레이어들과 점수를 겨루고 실력을 시험해 보세요.
하이스코어를 목표로 계속 도전하세요!


■ Nintendo Switch™ 버전의 신규 요소
이번 작품에는 PC 버전에서 판매된 3개의 DLC가 전부 수록되어 있습니다!
새롭게 추가된 게임 내 미션을 달성하면 총 4명의 내레이션 캐릭터와 탤런트의 음악을 잠금 해제할 수 있습니다!

추가로, 새로운 기능인 BGM 변경 기능도 탑재!
좋아하는 BGM과 해설 캐릭터를 조합하여
나만의 Treasure Mountain에서 게임을 더 즐겨 보세요!",hololive Treasure Mountain MegaPack,CCMC,"https://store.nintendo.co.kr/media/catalog/product/cache/a7267a3b8c99c74f0bde248fd00edb94/4/2/425ddd630f2c71d53b84308534edccad778982ed9c77a47c73eafbb30174c948.jpg,https://store.nintendo.co.kr/media/catalog/product/cache/a7267a3b8c99c74f0bde248fd00edb94/4/2/425ddd630f2c71d53b84308534edccad778982ed9c77a47c73eafbb30174c948.jpg,https://store.nintendo.co.kr/media/catalog/product/cache/a7267a3b8c99c74f0bde248fd00edb94/1/5/15a151d73d4b267d9e64fa9870dc28c87645251a1321238d9aeee411da434fc1.jpg,https://store.nintendo.co.kr/media/catalog/product/cache/a7267a3b8c99c74f0bde248fd00edb94/1/7/17978062ed093d9e521bce9d8c1cc95a80574c1b9486129018d1551d3ee0febc.jpg,https://store.nintendo.co.kr/media/catalog/product/cache/a7267a3b8c99c74f0bde248fd00edb94/9/4/945bfb20464b2b71a97ace94559d591c0039a0d7baf9affcb141dc15958f828d.jpg,https://store.nintendo.co.kr/media/catalog/product/cache/a7267a3b8c99c74f0bde248fd00edb94/a/c/ac095f30c88eff77cb36f43bcbb3e5d051032f841bfeb3e886b1e2d3043a70b0.jpg,https://store.nintendo.co.kr/media/catalog/product/cache/a7267a3b8c99c74f0bde248fd00edb94/a/e/ae098ebcb29ec76d21ca908e5a6c09086e3b50192c5fb2106ce7b3040485ae68.jpg","액션,파티,퍼즐,보드",switch
https://store.nintendo.co.kr/70010000096114,Chronicles of the Wolf,2025-06-19,https://store.nintendo.co.kr/media/catalog/product/cache/a7267a3b8c99c74f0bde248fd00edb94/a/b/ab48e1baddc433aa1bf1073ac42c9ec56a97acab3026fdbac79f878a7fc5ddad.jpg,"예약구입 상품입니다.

이 장대한 모험에서 전설 속 제보당의 괴수를 사냥하고 도사리는 어둠을 정복해 영광으로 향하는 길을 개척하세요.
괴수는 실존하며, 여러분을 기다리고 있습니다.

Chronicles of the Wolf에서는 장미십자회의 마지막 회원, 마테오 롬바르도로 플레이하며 악명 높은 제보당의 괴수를 사냥하게 됩니다. 빠르게 진행되는 전투, 도전 정신을 자극하는 탐험, 깊이 있는 스토리텔링이 어우러진 이 어둡고 스릴 넘치는 플랫포머 어드벤처 게임은 해당 장르의 팬이라면 반드시 플레이해 봐야 하는 작품입니다.

저마다 위험과 비밀로 넘치는 거대한 성, 위험천만한 숲, 신비로운 유적을 탐험하세요. 이 유기적으로 연결되어 있는 방대한 세계를 헤쳐 나가기 위해서는 주민들과 대화하고, 강력한 무기를 모으고, 정교한 퍼즐을 풀고, 게임의 판도를 뒤바꾸는 능력을 잠금 해제해야 합니다. 그리고 그 과정에서 마주치는 무자비한 보스는 여러분의 실력을 한계까지 몰아붙일 것입니다.

평단의 찬사를 받은 고딕 액션 시리즈의 상징이자 Kira Buckland가 성우를 담당한 피투성이 적, 블러드리스가 특별 출연합니다. 게임계에서 가장 호평받는 다크 판타지 어드벤처 작품에 참여한 전설적인 성우, Robert Belgrade의 내레이션에 빠져들어 보세요. 빠르게 진행되는 전투와 깊이 있는 스토리텔링 및 탐험이 한데 어우러진 Chronicles of the Wolf는 Migami 몬스터 세계관의 유산을 이어받아 흡인력 있는 메트로배니아 경험을 선사합니다.

Chronicles of the Wolf의 아름다운 일러스트로 구현된 컷신과 Jeffrey Montoya가 작곡한 강렬한 사운드트랙은 한 편의 영화처럼 몰입감 넘치는 경험을 자아냅니다. 비디오 게임 역사상 가장 상징적인 어드벤처 시리즈 중 하나에 참여한 것으로 유명한 Oscar Araujo의 놀라운 게스트 트랙은 이 어둡고 기나긴 여정에 딱 알맞은 느낌을 조성하며 게임의 분위기에 깊이를 한층 더합니다. 여기에 역사에서 얻은 영감과 긴장감 넘치는 게임플레이까지 더해진 이 작품은 단순한 게임을 넘어, 손에서 뗄 수 없는 수작이 되어줄 것입니다.",Chronicles of the Wolf,PQube,"https://store.nintendo.co.kr/media/catalog/product/cache/a7267a3b8c99c74f0bde248fd00edb94/a/b/ab48e1baddc433aa1bf1073ac42c9ec56a97acab3026fdbac79f878a7fc5ddad.jpg,https://store.nintendo.co.kr/media/catalog/product/cache/a7267a3b8c99c74f0bde248fd00edb94/a/b/ab48e1baddc433aa1bf1073ac42c9ec56a97acab3026fdbac79f878a7fc5ddad.jpg,https://store.nintendo.co.kr/media/catalog/product/cache/a7267a3b8c99c74f0bde248fd00edb94/2/f/2f3a242848c148c33f872b7da3dc9032ee321b7a24da16bd61cb72fc277b00fb.jpg,https://store.nintendo.co.kr/media/catalog/product/cache/a7267a3b8c99c74f0bde248fd00edb94/8/3/837812599522977d945c17b6ca198097d8ad0c18803ac4c6f06e637f37a3bc80.jpg,https://store.nintendo.co.kr/media/catalog/product/cache/a7267a3b8c99c74f0bde248fd00edb94/a/5/a5b7bd5994656779790db95dc384e6e2dcd62a633f21125dbaf41b7c6c13d934.jpg,https://store.nintendo.co.kr/media/catalog/product/cache/a7267a3b8c99c74f0bde248fd00edb94/2/a/2a04b155afc026b1b84b4136447ccb7dadb395bf3f1966faa388384d13a827fd.jpg,https://store.nintendo.co.kr/media/catalog/product/cache/a7267a3b8c99c74f0bde248fd00edb94/1/6/160c700a2af2a746dbebd6c1f0e50e44aca2c52e2aa01160478f34abe1be2fa2.jpg","액션,RPG,어드벤처,기타",switch
https://store.nintendo.co.kr/70010000097849,HoloParade: Deluxe Edition,2025-06-19,https://store.nintendo.co.kr/media/catalog/product/cache/a7267a3b8c99c74f0bde248fd00edb94/5/8/582d897be52878bd807be4121e23d0e19f35deea789dd18779897943a4cf0c80.jpg,"예약구입 상품입니다.

홀로라이브 소속 버튜버와 마스코트들의 좌충우돌 퍼레이드! 파고들기 요소, 전략성, 가볍게 즐길 수 있는 2D 타워 디펜스 게임입니다.
홀로라이브 소속 버튜버와 마스코트들의 좌충우돌 퍼레이드!
최애캐를 모으고, 육성하고, 감상하는 재미!
파고들기 요소, 전략성, 가볍게 즐길 수 있는 2D 타워 디펜스 게임입니다.

특징 1: 심플하면서도 깊이 있는, 신나는 배틀
아군 회복 지원이나 자폭 공격 등 다채로운 능력을 가진 80명 이상의 캐릭터를 잘 조합하여 신나고 깊이 있는 배틀을 즐겨보세요!

특징 2: 풍부한 육성 요소
레벨업과 한계 돌파 외에도 특수 능력을 최대 3개까지 부여할 수 있는 「재능 개화」 시스템으로 개성적인 육성이 가능!

특징 3: 가챠 과금 없음・스태미나 없음
캐릭터를 획득할 수 있는 스카우트 가챠는 게임 내에서 얻을 수 있는 티켓으로 돌릴 수 있으며, 추가 과금은 일절 없습니다!
스태미나 등도 존재하지 않으므로 시간에 구애받지 않고 좋아하는 시간에 원하는 만큼 플레이할 수 있습니다.

특징 4: 다양한 버튜버들이 방문하는 사무소와 미니 게임으로 잠시 휴식
홈 화면인 사무소에는 홀로라이브 버튜버들이 방문하기도 하며, 의외의 조합을 볼 수 있을지도 모릅니다.
또한, 본편과는 완전히 다른 게임성의 미니 게임이 구현되어 있습니다. 잠시 쉬면서 캐릭터 강화에 필요한 코인을 모을 수 있습니다.

「홀로퍼레이드 디럭스 에디션」은 PC 버전 홀로퍼레이드에 추가 다운로드 콘텐츠가 포함된 것입니다.",HoloParade: Deluxe Edition,CCMC,"https://store.nintendo.co.kr/media/catalog/product/cache/a7267a3b8c99c74f0bde248fd00edb94/5/8/582d897be52878bd807be4121e23d0e19f35deea789dd18779897943a4cf0c80.jpg,https://store.nintendo.co.kr/media/catalog/product/cache/a7267a3b8c99c74f0bde248fd00edb94/c/7/c79dda83492bcaaaec3295a960b475f2962c16a13162b2c81640e0e11769338c.jpg,https://store.nintendo.co.kr/media/catalog/product/cache/a7267a3b8c99c74f0bde248fd00edb94/c/7/c7e02be974f9e68ebe3c6261e0a94ebf21f9b09ae2157092270c1313ab26125f.jpg,https://store.nintendo.co.kr/media/catalog/product/cache/a7267a3b8c99c74f0bde248fd00edb94/2/7/27d6bdfd9c61be116de6418c133fa1cd01ef80a6d445ba60829eef5a5b39664a.jpg,https://store.nintendo.co.kr/media/catalog/product/cache/a7267a3b8c99c74f0bde248fd00edb94/5/f/5f86fae0ba6069be9ad780a27c05ad90dc6fbf5bf689c79d3c815e9b95321754.jpg,https://store.nintendo.co.kr/media/catalog/product/cache/a7267a3b8c99c74f0bde248fd00edb94/5/8/582d897be52878bd807be4121e23d0e19f35deea789dd18779897943a4cf0c80.jpg","전략,시뮬레이션",switch
